Price,ColorID,CMC,SuperType,Rarity,Name,Power,Toughness,FirstStrike,Vigilance,Trample,Lifelink,DoubleStrike,Hexproof,Deathtouch,Menace,Defender,Haste,Indestructible,Flying,Reach,Prowess,Flash,Sacrifice,Destroy,Draw
0.01,4,3,1,1,Academy Raider,1,1,0,0,0,0,0,0,0,0,0,0,0,0,0,0,0,0,0,1
0.01,6,0,5,2,Accorder's Shield,,,0,1,0,0,0,0,0,0,0,0,0,0,0,0,0,0,0,0
0.01,3,4,1,1,Accursed Spirit,3,2,0,0,0,0,0,0,0,0,0,0,0,0,0,0,0,0,0,0
0.03,5,5,1,2,Acidic Slime,2,2,0,0,0,0,0,0,1,0,0,0,0,0,0,0,0,0,1,0
0.02,3,1,1,1,Acolyte of Xathrid,0,1,0,0,0,0,0,0,0,0,0,0,0,0,0,0,0,0,0,0
0.01,4,3,3,2,Act of Treason,,,0,0,0,0,0,0,0,0,0,1,0,0,0,0,0,0,0,0
0.01,4,3,3,2,Act on Impulse,,,0,0,0,0,0,0,0,0,0,0,0,0,0,0,0,0,0,0
0.53,6,3,5,3,Adaptive Automaton,2,2,0,0,0,0,0,0,0,0,0,0,0,0,0,0,0,0,0,0
0.01,5,3,1,1,Advocate of the Beast,2,3,0,0,0,0,0,0,0,0,0,0,0,0,0,0,0,0,0,0
0.01,1,6,1,3,Aegis Angel,5,5,0,0,0,0,0,0,0,0,0,0,1,1,0,0,0,0,0,0
0.01,2,3,1,1,Aeronaut Tinkerer,2,3,0,0,0,0,0,0,0,0,0,0,0,1,0,0,0,0,0,0
0.03,4,4,4,3,Aggressive Mining,,,0,0,0,0,0,0,0,0,0,0,0,0,0,0,0,1,0,1
0.02,2,5,1,2,Air Elemental,4,4,0,0,0,0,0,0,0,0,0,0,0,1,0,0,0,0,0,0
0.04,2,5,1,2,Air Servant,4,3,0,0,0,0,0,0,0,0,0,0,0,1,0,0,0,0,0,0
0.22,1,4,6,4,Ajani Goldmane,,,0,1,0,0,0,0,0,0,0,0,0,0,0,0,0,0,0,0
0.67,1,4,6,4,Ajani Steadfast,,,1,1,0,1,0,0,0,0,0,0,0,0,0,0,0,0,0,0
0.53,1,3,6,4,"Ajani, Caller of the Pride",,,0,0,0,0,1,0,0,0,0,0,0,1,0,0,0,0,0,0
0.02,1,4,1,3,Ajani's Chosen,3,3,0,0,0,0,0,0,0,0,0,0,0,0,0,0,0,0,0,0
0.01,1,2,4,1,Ajani's Mantra,,,0,0,0,0,0,0,0,0,0,0,0,0,0,0,0,0,0,0
0.03,1,2,1,2,Ajani's Pridemate,2,2,0,0,0,0,0,0,0,0,0,0,0,0,0,0,0,0,0,0
0.01,1,2,1,1,Ajani's Sunstriker,2,2,0,0,0,1,0,0,0,0,0,0,0,0,0,0,0,0,0,0
0.34,6,7,5,4,Akroma's Memorial,,,1,1,1,0,0,0,0,0,0,1,0,1,0,0,0,0,0,0
0.02,1,2,1,2,Alabaster Mage,2,1,0,0,0,1,0,0,0,0,0,0,0,0,0,0,0,0,0,0
0.01,2,2,1,2,Alluring Siren,1,1,0,0,0,0,0,0,0,0,0,0,0,0,0,0,0,0,0,0
0.01,4,2,1,2,Altac Bloodseeker,2,1,1,0,0,0,0,0,0,0,0,1,0,0,0,0,0,0,0,0
0.01,3,2,2,1,Altar's Reap,,,0,0,0,0,0,0,0,0,0,0,0,0,0,0,0,1,0,1
0.01,2,4,1,1,Amphin Cutthroat,2,4,0,0,0,0,0,0,0,0,0,0,0,0,0,0,0,0,0,0
0.01,2,4,1,1,Amphin Pathmage,3,2,0,0,0,0,0,0,0,0,0,0,0,0,0,0,0,0,0,0
0.01,4,7,1,3,Ancient Hellkite,6,6,0,0,0,0,0,0,0,0,0,0,0,1,0,0,0,0,0,0
0.01,5,6,1,2,Ancient Silverback,6,5,0,0,0,0,0,0,0,0,0,0,0,0,0,0,0,0,0,0
0.02,1,4,4,2,Angelic Accord,,,0,0,0,0,0,0,0,0,0,0,0,1,0,0,0,0,0,0
0.01,1,7,1,3,Angelic Arbiter,5,6,0,0,0,0,0,0,0,0,0,0,0,1,0,0,0,0,0,0
0.02,1,4,4,2,Angelic Benediction,,,0,0,0,0,0,0,0,0,0,0,0,0,0,0,0,0,0,0
0.35,1,4,4,4,Angelic Destiny,,,1,0,0,0,0,0,0,0,0,0,0,1,0,0,0,0,0,0
0.01,1,2,1,1,Angelic Wall,0,4,0,0,0,0,0,0,0,0,1,0,0,1,0,0,0,0,0,0
0.01,6,2,5,2,Angel's Feather,,,0,0,0,0,0,0,0,0,0,0,0,0,0,0,0,0,0,0
0.02,1,4,2,1,Angel's Mercy,,,0,0,0,0,0,0,0,0,0,0,0,0,0,0,0,0,0,0
0.01,5,5,1,3,Ant Queen,5,5,0,0,0,0,0,0,0,0,0,0,0,0,0,0,0,0,0,0
0.01,5,6,1,3,Arachnus Spinner,5,7,0,0,0,0,0,0,0,0,0,0,0,0,1,0,0,0,0,0
0.01,5,3,4,1,Arachnus Web,,,0,0,0,0,0,0,0,0,0,0,0,0,0,0,0,0,1,0
0.01,1,4,1,2,Arbalest Elite,2,3,0,0,0,0,0,0,0,0,0,0,0,0,0,0,0,0,0,0
0.04,5,1,1,1,Arbor Elf,1,1,0,0,0,0,0,0,0,0,0,0,0,0,0,0,0,0,0,0
0.01,4,3,1,1,Arc Runner,5,1,0,0,0,0,0,0,0,0,0,1,0,0,0,0,0,1,0,0
0.03,2,4,1,1,Archaeomancer,1,2,0,0,0,0,0,0,0,0,0,0,0,0,0,0,0,0,0,0
4.71,1,5,1,4,Archangel of Thune,3,4,0,0,0,1,0,0,0,0,0,0,0,1,0,0,0,0,0,0
0.02,1,5,1,3,Archon of Justice,4,4,0,0,0,0,0,0,0,0,0,0,0,1,0,0,0,0,0,0
0.01,0,3,1,2,Arctic Aven,2,1,0,0,0,1,0,0,0,0,0,0,0,1,0,0,0,0,0,0
0.02,1,4,4,2,Armored Ascension,,,0,0,0,0,0,0,0,0,0,0,0,1,0,0,0,0,0,0
0.02,2,5,1,1,Armored Cancrix,2,5,0,0,0,0,0,0,0,0,0,0,0,0,0,0,0,0,0,0
0.01,1,2,1,1,Armored Warhorse,2,3,0,0,0,0,0,0,0,0,0,0,0,0,0,0,0,0,0,0
0.01,4,3,1,2,Arms Dealer,1,1,0,0,0,0,0,0,0,0,0,0,0,0,0,0,0,1,0,0
0.01,3,1,4,2,Artificer's Hex,,,0,0,0,0,0,0,0,0,0,0,0,0,0,0,0,0,1,0
0.02,3,3,3,1,Assassinate,,,0,0,0,0,0,0,0,0,0,0,0,0,0,0,0,0,1,0
0.01,1,4,1,1,Assault Griffin,3,2,0,0,0,0,0,0,0,0,0,0,0,1,0,0,0,0,0,0
0.02,1,3,1,1,Attended Knight,2,2,1,0,0,0,0,0,0,0,0,0,0,0,0,0,0,0,0,0
0.04,2,2,1,2,Augur of Bolas,1,3,0,0,0,0,0,0,0,0,0,0,0,0,0,0,0,0,0,0
0.01,2,2,1,1,Augury Owl,1,1,0,0,0,0,0,0,0,0,0,0,0,1,0,0,0,0,0,0
0.01,1,3,1,1,Auramancer,2,2,0,0,0,0,0,0,0,0,0,0,0,0,0,0,0,0,0,0
0.01,5,1,2,2,Autumn's Veil,,,0,0,0,0,0,0,0,0,0,0,0,0,0,0,0,0,0,0
0.02,1,5,1,3,"Avacyn, Guardian Angel",5,4,0,1,0,0,0,0,0,0,0,0,0,1,0,0,0,0,0,0
0.01,6,4,5,3,Avarice Amulet,,,0,1,0,0,0,0,0,0,0,0,0,0,0,0,0,0,0,1
0.01,2,4,1,1,Aven Fleetwing,2,2,0,0,0,0,0,1,0,0,0,0,0,1,0,0,0,0,0,0
0.01,1,2,1,1,Aven Squire,1,1,0,0,0,0,0,0,0,0,0,0,0,1,0,0,0,0,0,0
0.01,4,4,4,3,Awaken the Ancient,,,0,0,0,0,0,0,0,0,0,1,0,0,0,0,0,0,0,0
0.01,5,3,1,2,Awakener Druid,1,1,0,0,0,0,0,0,0,0,0,0,0,0,0,0,0,0,0,0
0.02,2,4,1,1,Azure Drake,2,4,0,0,0,0,0,0,0,0,0,0,0,1,0,0,0,0,0,0
0.01,2,2,1,2,Azure Mage,2,1,0,0,0,0,0,0,0,0,0,0,0,0,0,0,0,0,0,1
0.01,5,2,2,2,Back to Nature,,,0,0,0,0,0,0,0,0,0,0,0,0,0,0,0,0,1,0
0.13,4,3,1,3,Ball Lightning,6,1,0,0,1,0,0,0,0,0,0,1,0,0,0,0,0,1,0,0
0.86,1,5,1,4,Baneslayer Angel,5,5,1,0,0,1,0,0,0,0,0,0,0,1,0,0,0,0,0,0
0.02,1,3,1,2,Banisher Priest,2,2,0,0,0,0,0,0,0,0,0,0,0,0,0,0,0,0,0,0
0.01,3,3,1,1,Barony Vampire,3,2,0,0,0,0,0,0,0,0,0,0,0,0,0,0,0,0,0,0
0.01,4,1,4,2,Barrage of Expendables,,,0,0,0,0,0,0,0,0,0,0,0,0,0,0,0,1,0,0
0.01,1,3,4,2,Battle Mastery,,,0,0,0,0,1,0,0,0,0,0,0,0,0,0,0,0,0,0
0.01,2,5,4,3,Battle of Wits,,,0,0,0,0,0,0,0,0,0,0,0,0,0,0,0,0,0,0
0.01,4,5,1,2,Battle Sliver,3,3,0,0,0,0,0,0,0,0,0,0,0,0,0,0,0,0,0,0
0.18,0,0,7,3,Battlefield Forge,,,0,0,0,0,0,0,0,0,0,0,0,0,0,0,0,0,0,0
0.01,1,5,1,1,Battleflight Eagle,2,2,0,0,0,0,0,0,0,0,0,0,0,1,0,0,0,0,0,0
0.01,4,3,1,2,Belligerent Sliver,2,2,0,0,0,0,0,0,0,1,0,0,0,0,0,0,0,0,0,0
0.01,2,5,1,2,Belltower Sphinx,2,5,0,0,0,0,0,0,0,0,0,0,0,1,0,0,0,0,0,0
0.01,1,3,1,1,Benalish Veteran,2,2,0,0,0,0,0,0,0,0,0,0,0,0,0,0,0,0,0,0
0.02,4,5,1,1,Berserkers of Blood Ridge,4,4,0,0,0,0,0,0,0,0,0,0,0,0,0,0,0,0,0,0
0.38,5,1,1,3,Birds of Paradise,0,1,0,0,0,0,0,0,0,0,0,0,0,1,0,0,0,0,0,0
0.01,3,2,1,1,Black Cat,1,1,0,0,0,0,0,0,0,0,0,0,0,0,0,0,0,0,0,0
0.01,3,2,1,2,Black Knight,2,2,1,0,0,0,0,0,0,0,0,0,0,0,0,0,0,0,0,0
0.02,4,4,1,1,Bladetusk Boar,3,2,0,0,0,0,0,0,0,0,0,0,0,0,0,0,0,0,0,0
0.01,4,6,2,1,Blastfire Bolt,,,0,0,0,0,0,0,0,0,0,0,0,0,0,0,0,0,1,0
0.02,1,2,4,2,Blessing,,,0,0,0,0,0,0,0,0,0,0,0,0,0,0,0,0,0,0
0.01,3,4,1,2,Blightcaster,2,3,0,0,0,0,0,0,0,0,0,0,0,0,0,0,0,0,0,0
0.02,1,2,1,1,Blinding Mage,1,2,0,0,0,0,0,0,0,0,0,0,0,0,0,0,0,0,0,0
0.01,3,3,1,1,Blood Bairn,2,2,0,0,0,0,0,0,0,0,0,0,0,0,0,0,0,1,0,0
0.01,3,5,1,2,Blood Host,3,3,0,0,0,0,0,0,0,0,0,0,0,0,0,0,0,1,0,0
0.01,4,3,1,1,Blood Ogre,2,2,1,0,0,0,0,0,0,0,0,0,0,0,0,0,0,0,0,0
0.01,3,4,4,2,Blood Reckoning,,,0,0,0,0,0,0,0,0,0,0,0,0,0,0,0,0,0,0
0.01,3,2,1,1,Blood Seeker,1,1,0,0,0,0,0,0,0,0,0,0,0,0,0,0,0,0,0,0
0.01,3,4,3,1,Blood Tithe,,,0,0,0,0,0,0,0,0,0,0,0,0,0,0,0,0,0,0
0.05,4,1,1,1,Bloodcrazed Goblin,2,2,0,0,0,0,0,0,0,0,0,0,0,0,0,0,0,0,0,0
0.01,3,4,1,1,Bloodhunter Bat,2,2,0,0,0,0,0,0,0,0,0,0,0,1,0,0,0,0,0,0
0.19,3,5,1,4,Bloodlord of Vaasgoth,3,3,0,0,0,0,0,0,0,0,0,0,0,1,0,0,0,0,0,0
0.01,3,3,1,1,Bloodrage Vampire,3,1,0,0,0,0,0,0,0,0,0,0,0,0,0,0,0,0,0,0
0.01,3,2,1,1,Bloodthrone Vampire,1,1,0,0,0,0,0,0,0,0,0,0,0,0,0,0,0,1,0,0
0.03,4,3,1,1,Blur Sliver,2,2,0,0,0,0,0,0,0,0,0,1,0,0,0,0,0,0,0,0
0.01,3,3,1,1,Bog Raiders,2,2,0,0,0,0,0,0,0,0,0,0,0,0,0,0,0,0,0,0
0.01,3,4,1,2,Bog Wraith,3,3,0,0,0,0,0,0,0,0,0,0,0,0,0,0,0,0,0,0
0.38,4,8,1,4,Bogardan Hellkite,5,5,0,0,0,0,0,0,0,0,0,0,0,1,0,0,1,0,0,0
0.01,3,4,1,3,Bogbrew Witch,1,3,0,0,0,0,0,0,0,0,0,0,0,0,0,0,0,0,0,0
0.02,5,1,1,1,Bond Beetle,0,1,0,0,0,0,0,0,0,0,0,0,0,0,0,0,0,0,0,0
0.02,4,5,1,1,Bonebreaker Giant,4,4,0,0,0,0,0,0,0,0,0,0,0,0,0,0,0,0,0,0
0.02,1,4,1,3,Bonescythe Sliver,2,2,0,0,0,0,1,0,0,0,0,0,0,0,0,0,0,0,0,0
0.01,1,7,1,2,Boonweaver Giant,4,4,0,0,0,0,0,0,0,0,0,0,0,0,0,0,0,0,0,0
0.01,4,2,1,1,Borderland Marauder,1,2,0,0,0,0,0,0,0,0,0,0,0,0,0,0,0,0,0,0
0.01,5,3,1,1,Borderland Ranger,2,2,0,0,0,0,0,0,0,0,0,0,0,0,0,0,0,0,0,0
0.02,5,7,3,3,Boundless Realms,,,0,0,0,0,0,0,0,0,0,0,0,0,0,0,0,0,0,0
0.02,5,5,3,1,Bountiful Harvest,,,0,0,0,0,0,0,0,0,0,0,0,0,0,0,0,0,0,0
0.02,5,5,1,1,Bramble Creeper,0,3,0,0,0,0,0,0,0,0,0,0,0,0,0,0,0,0,0,0
0.01,5,4,3,2,Bramblecrush,,,0,0,0,0,0,0,0,0,0,0,0,0,0,0,0,0,1,0
0.05,1,1,2,2,Brave the Elements,,,0,0,0,0,0,0,0,0,0,0,0,0,0,0,0,0,0,0
0.01,6,3,5,2,Brawler's Plate,,,0,0,1,0,0,0,0,0,0,0,0,0,0,0,0,0,0,0
0.01,5,4,1,2,Briarpack Alpha,3,3,0,0,0,0,0,0,0,0,0,0,0,0,0,0,1,0,0,0
0.01,5,3,1,1,Brindle Boar,2,2,0,0,0,0,0,0,0,0,0,0,0,0,0,0,0,1,0,0
0.02,3,4,4,1,Brink of Disaster,,,0,0,0,0,0,0,0,0,0,0,0,0,0,0,0,0,1,0
0.01,6,1,5,3,Brittle Effigy,,,0,0,0,0,0,0,0,0,0,0,0,0,0,0,0,0,0,0
0.01,6,2,5,1,Bronze Sable,2,1,0,0,0,0,0,0,0,0,0,0,0,0,0,0,0,0,0,0
0.01,4,4,1,2,Brood Keeper,2,3,0,0,0,0,0,0,0,0,0,0,0,1,0,0,0,0,0,0
0.01,6,2,5,2,Bubbling Cauldron,,,0,0,0,0,0,0,0,0,0,0,0,0,0,0,0,1,0,0
0.03,6,0,7,2,Buried Ruin,,,0,0,0,0,0,0,0,0,0,0,0,0,0,0,0,1,0,0
0.01,4,5,4,3,Burning Anger,,,0,0,0,0,0,0,0,0,0,0,0,0,0,0,0,0,0,0
0.01,4,4,4,3,Burning Earth,,,0,0,0,0,0,0,0,0,0,0,0,0,0,0,0,0,0,0
0.04,4,1,3,1,Burning Inquiry,,,0,0,0,0,0,0,0,0,0,0,0,0,0,0,0,0,0,1
0.01,4,1,3,1,Burst of Speed,,,0,0,0,0,0,0,0,0,0,1,0,0,0,0,0,0,0,0
0.01,2,3,3,2,Call to Mind,,,0,0,0,0,0,0,0,0,0,0,0,0,0,0,0,0,0,0
0.01,3,5,4,3,Call to the Grave,,,0,0,0,0,0,0,0,0,0,0,0,0,0,0,0,1,0,0
0.01,2,3,2,1,Cancel,,,0,0,0,0,0,0,0,0,0,0,0,0,0,0,0,0,0,0
0.02,4,4,1,1,Canyon Minotaur,3,3,0,0,0,0,0,0,0,0,0,0,0,0,0,0,0,0,0,0
0.02,1,2,1,1,Capashen Knight,1,1,1,0,0,0,0,0,0,0,0,0,0,0,0,0,0,0,0,0
0.01,4,6,1,3,Capricious Efreet,6,4,0,0,0,0,0,0,0,0,0,0,0,0,0,0,0,0,1,0
0.02,1,6,1,3,Captain of the Watch,3,3,0,1,0,0,0,0,0,0,0,0,0,0,0,0,0,0,0,0
0.01,1,4,3,1,Captain's Call,,,0,0,0,0,0,0,0,0,0,0,0,0,0,0,0,0,0,0
1.77,3,3,1,3,Captivating Vampire,2,2,0,0,0,0,0,0,0,0,0,0,0,0,0,0,0,0,0,0
0.01,5,7,1,2,Carnage Wurm,6,6,0,0,1,0,0,0,0,0,0,0,0,0,0,0,0,0,0,0
0.01,5,6,1,1,Carnivorous Moss-Beast,4,5,0,0,0,0,0,0,0,0,0,0,0,0,0,0,0,0,0,0
0.01,3,3,1,1,Carrion Crow,2,2,0,0,0,0,0,0,0,0,0,0,0,1,0,0,0,0,0,0
0.02,6,0,7,3,Cathedral of War,,,0,0,0,0,0,0,0,0,0,0,0,0,0,0,0,0,0,0
0.01,3,6,4,2,Caustic Tar,,,0,0,0,0,0,0,0,0,0,0,0,0,0,0,0,0,0,0
0.4,0,0,7,3,Caves of Koilos,,,0,0,0,0,0,0,0,0,0,0,0,0,0,0,0,0,0,0
0.02,1,2,2,1,Celestial Flare,,,0,0,0,0,0,0,0,0,0,0,0,0,0,0,0,1,0,0
0.02,1,2,2,2,Celestial Purge,,,0,0,0,0,0,0,0,0,0,0,0,0,0,0,0,0,0,0
0.01,3,3,1,3,Cemetery Reaper,2,2,0,0,0,0,0,0,0,0,0,0,0,0,0,0,0,0,0,0
0.01,5,3,1,1,Centaur Courser,3,3,0,0,0,0,0,0,0,0,0,0,0,0,0,0,0,0,0,0
0.07,4,5,6,4,Chandra Nalaar,,,0,0,0,0,0,0,0,0,0,0,0,0,0,0,0,0,0,0
1.16,4,4,6,4,"Chandra, Pyromaster",,,0,0,0,0,0,0,0,0,0,1,0,0,0,0,0,0,0,0
0.68,4,4,6,4,"Chandra, the Firebrand",,,0,0,0,0,0,0,0,0,0,0,0,0,0,0,0,0,0,0
0.01,4,5,2,1,Chandra's Fury,,,0,0,0,0,0,0,0,0,0,0,0,0,0,0,0,0,0,0
0.01,4,4,2,1,Chandra's Outrage,,,0,0,0,0,0,0,0,0,0,0,0,0,0,0,0,0,0,0
0.02,4,3,1,3,Chandra's Phoenix,2,2,0,0,0,0,0,0,0,0,0,1,0,1,0,0,0,0,0,0
0.01,4,3,1,2,Chandra's Spitfire,1,3,0,0,0,0,0,0,0,0,0,0,0,1,0,0,0,0,0,0
0.01,1,4,1,1,Charging Griffin,2,2,0,0,0,0,0,0,0,0,0,0,0,1,0,0,0,0,0,0
0.01,5,5,1,1,Charging Rhino,4,4,0,0,0,0,0,0,0,0,0,0,0,0,0,0,0,0,0,0
0.01,2,5,1,1,Chasm Drake,3,3,0,0,0,0,0,0,0,0,0,0,0,1,0,0,0,0,0,0
0.27,2,3,1,3,Chasm Skulker,1,1,0,0,0,0,0,0,0,0,0,0,0,0,0,0,0,0,0,1
0.3,2,2,1,3,Chief Engineer,1,3,0,0,0,0,0,0,0,0,0,0,0,0,0,0,0,0,0,0
0.01,3,2,1,1,Child of Night,2,1,0,0,0,1,0,0,0,0,0,0,0,0,0,0,0,0,0,0
2.52,5,3,2,3,Chord of Calling,,,0,0,0,0,0,0,0,0,0,0,0,0,0,0,0,0,0,0
0.01,6,1,5,2,Chronomaton,1,1,0,0,0,0,0,0,0,0,0,0,0,0,0,0,0,0,0,0
0.01,2,6,2,1,Chronostutter,,,0,0,0,0,0,0,0,0,0,0,0,0,0,0,0,0,0,0
0.02,4,2,4,2,Circle of Flame,,,0,0,0,0,0,0,0,0,0,0,0,1,0,0,0,0,0,0
0.01,2,3,4,1,Claustrophobia,,,0,0,0,0,0,0,0,0,0,0,0,0,0,0,0,0,0,0
0.01,4,1,3,1,Clear a Path,,,0,0,0,0,0,0,0,0,1,0,0,0,0,0,0,0,1,0
0.02,4,5,3,2,Cleaver Riot,,,0,0,0,0,1,0,0,0,0,0,0,0,0,0,0,0,0,0
0.01,6,4,5,2,Clock of Omens,,,0,0,0,0,0,0,0,0,0,0,0,0,0,0,0,0,0,0
0.01,2,4,1,3,Clone,0,0,0,0,0,0,0,0,0,0,0,0,0,0,0,0,0,0,0,0
0.01,1,4,1,1,Cloud Crusader,2,3,1,0,0,0,0,0,0,0,0,0,0,1,0,0,0,0,0,0
0.02,2,3,1,1,Cloud Elemental,2,3,0,0,0,0,0,0,0,0,0,0,0,1,0,0,0,0,0,0
0.19,6,5,5,3,Coat of Arms,,,0,0,0,0,0,0,0,0,0,0,0,0,0,0,0,0,0,0
0.02,2,7,1,3,Colossal Whale,5,5,0,0,0,0,0,0,0,0,0,0,0,0,0,0,0,0,0,0
0.01,4,2,2,2,Combust,,,0,0,0,0,0,0,0,0,0,0,0,0,0,0,0,0,0,0
0.03,1,1,2,2,Condemn,,,0,0,0,0,0,0,0,0,0,0,0,0,0,0,0,0,0,0
0.01,4,5,3,2,Cone of Flame,,,0,0,0,0,0,0,0,0,0,0,0,0,0,0,0,0,0,0
0.02,1,4,2,2,Congregate,,,0,0,0,0,0,0,0,0,0,0,0,0,0,0,0,0,0,0
0.01,1,6,1,2,Constricting Sliver,3,3,0,0,0,0,0,0,0,0,0,0,0,0,0,0,0,0,0,0
0.01,3,2,3,2,Consume Spirit,,,0,0,0,0,0,0,0,0,0,0,0,0,0,0,0,0,0,0
0.01,2,4,1,3,Conundrum Sphinx,4,4,0,0,0,0,0,0,0,0,0,0,0,1,0,0,0,0,0,0
0.01,2,2,4,1,Convincing Mirage,,,0,0,0,0,0,0,0,0,0,0,0,0,0,0,0,0,0,0
0.01,2,3,1,1,Coral Barrier,1,3,0,0,0,0,0,0,0,0,1,0,0,0,0,0,0,0,0,0
0.01,2,2,1,1,Coral Merfolk,2,1,0,0,0,0,0,0,0,0,0,0,0,0,0,0,0,0,0,0
0.01,3,2,1,1,Corpse Hauler,2,1,0,0,0,0,0,0,0,0,0,0,0,0,0,0,0,1,0,0
0.01,3,6,3,2,Corrupt,,,0,0,0,0,0,0,0,0,0,0,0,0,0,0,0,0,0,0
0.01,2,3,1,2,Courtly Provocateur,1,1,0,0,0,0,0,0,0,0,0,0,0,0,0,0,0,0,0,0
0.01,3,7,3,1,Covenant of Blood,,,0,0,0,0,0,0,0,0,0,0,0,0,0,0,0,0,0,0
0.01,3,3,2,2,Cower in Fear,,,0,0,0,0,0,0,0,0,0,0,0,0,0,0,0,0,0,0
0.01,4,4,3,1,Craterize,,,0,0,0,0,0,0,0,0,0,0,0,0,0,0,0,0,1,0
0.01,5,6,1,1,Craw Wurm,6,4,0,0,0,0,0,0,0,0,0,0,0,0,0,0,0,0,0,0
0.01,4,2,1,2,Crimson Mage,2,1,0,0,0,0,0,0,0,0,0,1,0,0,0,0,0,0,0,0
0.01,0,2,1,2,Crimson Muckwader,2,1,0,0,0,0,0,0,0,0,0,0,0,0,0,0,0,0,0,0
0.02,3,1,4,1,Crippling Blight,,,0,0,0,0,0,0,0,0,0,0,0,0,0,0,0,0,0,0
0.01,4,1,2,1,Crowd's Favor,,,1,0,0,0,0,0,0,0,0,0,0,0,0,0,0,0,0,0
0.01,6,2,5,2,Crown of Empires,,,0,0,0,0,0,0,0,0,0,0,0,0,0,0,0,0,0,0
0.01,4,4,4,3,Crucible of Fire,,,0,0,0,0,0,0,0,0,0,0,0,0,0,0,0,0,0,0
0.02,3,1,1,3,Cruel Sadist,1,1,0,0,0,0,0,0,0,0,0,0,0,0,0,0,0,0,0,0
0.01,6,5,5,2,Crumbling Colossus,7,4,0,0,1,0,0,0,0,0,0,0,0,0,0,0,0,1,0,0
0.01,1,3,1,2,Crusader of Odric,,,0,0,0,0,0,0,0,0,0,0,0,0,0,0,0,0,0,0
0.01,6,3,5,2,Crystal Ball,,,0,0,0,0,0,0,0,0,0,0,0,0,0,0,0,0,0,0
0.01,5,4,1,2,Cudgel Troll,4,3,0,0,0,0,0,0,0,0,0,0,0,0,0,0,0,0,0,0
0.04,5,3,3,1,Cultivate,,,0,0,0,0,0,0,0,0,0,0,0,0,0,0,0,0,0,0
0.01,4,4,1,3,Cyclops Gladiator,4,4,0,0,0,0,0,0,0,0,0,0,0,0,0,0,0,0,0,0
0.02,4,6,1,1,Cyclops Tyrant,3,4,0,0,0,0,0,0,0,0,0,0,0,0,0,0,0,0,0,0
0.01,3,2,4,1,Dark Favor,,,0,0,0,0,0,0,0,0,0,0,0,0,0,0,0,0,0,0
0.01,3,3,4,3,Dark Prophecy,,,0,0,0,0,0,0,0,0,0,0,0,0,0,0,0,0,0,1
0.01,3,3,4,3,Dark Tutelage,,,0,0,0,0,0,0,0,0,0,0,0,0,0,0,0,0,0,0
0.04,6,0,5,2,Darksteel Citadel,,,0,0,0,0,0,0,0,0,0,0,1,0,0,0,0,0,0,0
0.28,6,11,5,4,Darksteel Colossus,11,11,0,0,1,0,0,0,0,0,0,0,1,0,0,0,0,0,0,0
0.2,6,9,5,4,Darksteel Forge,,,0,0,0,0,0,0,0,0,0,0,1,0,0,0,0,0,0,0
0.04,6,3,5,2,Darksteel Ingot,,,0,0,0,0,0,0,0,0,0,0,1,0,0,0,0,0,0,0
0.01,0,2,1,2,Dauntless River Marshal,2,1,0,0,0,0,0,0,0,0,0,0,0,0,0,0,0,0,0,0
0.01,1,5,1,1,Dawnstrike Paladin,2,4,0,1,0,1,0,0,0,0,0,0,0,0,0,0,0,0,0,0
0.08,1,4,3,3,Day of Judgment,,,0,0,0,0,0,0,0,0,0,0,0,0,0,0,0,0,1,0
0.01,5,2,1,1,Deadly Recluse,1,2,0,0,0,0,0,0,1,0,0,0,0,0,1,0,0,0,0,0
0.01,3,4,1,1,Deathgaze Cockatrice,2,2,0,0,0,0,0,0,1,0,0,0,0,1,0,0,0,0,0,0
0.01,3,1,3,2,Deathmark,,,0,0,0,0,0,0,0,0,0,0,0,0,0,0,0,0,1,0
0.02,4,4,3,1,Demolish,,,0,0,0,0,0,0,0,0,0,0,0,0,0,0,0,0,1,0
0.61,3,9,1,4,Demon of Death's Gate,9,9,0,0,1,0,0,0,0,0,0,0,0,1,0,0,0,1,0,0
0.02,6,2,5,2,Demon's Horn,,,0,0,0,0,0,0,0,0,0,0,0,0,0,0,0,0,0,0
0.01,1,1,2,1,Demystify,,,0,0,0,0,0,0,0,0,0,0,0,0,0,0,0,0,1,0
0.02,4,7,3,3,Destructive Force,,,0,0,0,0,0,0,0,0,0,0,0,0,0,0,0,1,0,0
0.01,1,3,2,2,Devouring Light,,,0,0,0,0,0,0,0,0,0,0,0,0,0,0,0,0,0,0
0.01,3,3,1,1,Devouring Swarm,2,1,0,0,0,0,0,0,0,0,0,0,0,1,0,0,0,1,0,0
0.1,1,7,3,4,Devout Invocation,,,0,0,0,0,0,0,0,0,0,0,0,1,0,0,0,0,0,0
0.02,3,5,3,3,Diabolic Revelation,,,0,0,0,0,0,0,0,0,0,0,0,0,0,0,0,0,0,0
0.01,3,4,3,2,Diabolic Tutor,,,0,0,0,0,0,0,0,0,0,0,0,0,0,0,0,0,0,0
0.03,2,2,1,2,Diffusion Sliver,1,1,0,0,0,0,0,0,0,0,0,0,0,0,0,0,0,0,0,0
0.01,2,1,2,1,Diminish,,,0,0,0,0,0,0,0,0,0,0,0,0,0,0,0,0,0,0
0.03,3,4,1,3,Disciple of Bolas,2,1,0,0,0,0,0,0,0,0,0,0,0,0,0,0,0,1,0,1
0.02,3,1,3,1,Disentomb,,,0,0,0,0,0,0,0,0,0,0,0,0,0,0,0,0,0,0
0.01,2,7,4,3,Dismiss into Dream,,,0,0,0,0,0,0,0,0,0,0,0,0,0,0,0,1,0,0
0.02,2,4,2,1,Disorient,,,0,0,0,0,0,0,0,0,0,0,0,0,0,0,0,0,0,0
0.01,2,2,2,1,Disperse,,,0,0,0,0,0,0,0,0,0,0,0,0,0,0,0,0,0,0
0.01,2,3,2,2,Dissipate,,,0,0,0,0,0,0,0,0,0,0,0,0,0,0,0,0,0,0
0.02,3,2,3,1,Distress,,,0,0,0,0,0,0,0,0,0,0,0,0,0,0,0,0,0,0
0.01,2,3,3,1,Divination,,,0,0,0,0,0,0,0,0,0,0,0,0,0,0,0,0,0,1
0.02,1,2,4,1,Divine Favor,,,0,0,0,0,0,0,0,0,0,0,0,0,0,0,0,0,0,0
0.02,1,4,2,1,Divine Verdict,,,0,0,0,0,0,0,0,0,0,0,0,0,0,0,0,0,1,0
0.01,2,5,1,3,Djinn of Wishes,4,4,0,0,0,0,0,0,0,0,0,0,0,1,0,0,0,0,0,0
0.02,2,4,4,3,Domestication,,,0,0,0,0,0,0,0,0,0,0,0,0,0,0,0,1,0,0
0.05,3,2,2,1,Doom Blade,,,0,0,0,0,0,0,0,0,0,0,0,0,0,0,0,0,1,0
0.02,6,4,5,3,Door of Destinies,,,0,0,0,0,0,0,0,0,0,0,0,0,0,0,0,0,0,0
0.01,0,5,5,3,Door to Nothingness,,,0,0,0,0,0,0,0,0,0,0,0,0,0,0,0,1,0,0
0.01,5,6,3,3,Doubling Chant,,,0,0,0,0,0,0,0,0,0,0,0,0,0,0,0,0,0,0
0.01,2,2,2,1,Downpour,,,0,0,0,0,0,0,0,0,0,0,0,0,0,0,0,0,0,0
0.01,4,3,1,2,Dragon Egg,0,2,0,0,0,0,0,0,0,0,1,0,0,1,0,0,0,0,0,0
0.01,4,2,1,1,Dragon Hatchling,0,1,0,0,0,0,0,0,0,0,0,0,0,1,0,0,0,0,0,0
0.02,4,4,1,2,Dragon Whelp,2,3,0,0,0,0,0,0,0,0,0,0,0,1,0,0,0,1,0,0
0.04,6,2,5,2,Dragon's Claw,,,0,0,0,0,0,0,0,0,0,0,0,0,0,0,0,0,0,0
0.66,0,0,7,3,Dragonskull Summit,,,0,0,0,0,0,0,0,0,0,0,0,0,0,0,0,0,0,0
0.04,3,3,1,1,Dread Warlock,2,2,0,0,0,0,0,0,0,0,0,0,0,0,0,0,0,0,0,0
0.01,3,4,1,1,Drifting Shade,1,1,0,0,0,0,0,0,0,0,0,0,0,1,0,0,0,0,0,0
1.02,0,0,7,3,Drowned Catacomb,,,0,0,0,0,0,0,0,0,0,0,0,0,0,0,0,0,0,0
0.01,3,2,1,1,Drudge Skeletons,1,1,0,0,0,0,0,0,0,0,0,0,0,0,0,0,0,0,0,0
0.01,6,3,5,3,Druidic Satchel,,,0,0,0,0,0,0,0,0,0,0,0,0,0,0,0,0,0,0
0.01,5,1,4,1,Dryad's Favor,,,0,0,0,0,0,0,0,0,0,0,0,0,0,0,0,0,0,0
0.45,5,3,1,3,Dungrove Elder,,,0,0,0,0,0,1,0,0,0,0,0,0,0,0,0,0,0,0
0.04,3,1,3,1,Duress,,,0,0,0,0,0,0,0,0,0,0,0,0,0,0,0,0,0,0
0.04,5,7,1,2,Duskdale Wurm,7,7,0,0,1,0,0,0,0,0,0,0,0,0,0,0,0,0,0,0
0.01,3,2,1,1,Duskhunter Bat,1,1,0,0,0,0,0,0,0,0,0,0,0,1,0,0,0,0,0,0
0.01,3,4,1,2,Duskmantle Prowler,2,2,0,0,0,0,0,0,0,0,0,1,0,0,0,0,0,0,0,0
0.01,3,1,1,1,Duty-Bound Dead,0,2,0,0,0,0,0,0,0,0,0,0,0,0,0,0,0,0,0,0
0.04,4,6,1,2,Earth Servant,4,4,0,0,0,0,0,0,0,0,0,0,0,0,0,0,0,0,0,0
0.03,4,1,3,3,Earthquake,,,0,0,0,0,0,0,0,0,0,0,0,1,0,0,0,0,0,0
0.19,5,7,1,4,Elderscale Wurm,7,7,0,0,1,0,0,0,0,0,0,0,0,0,0,0,0,0,0,0
0.01,2,4,1,3,Elite Arcanist,1,1,0,0,0,0,0,0,0,0,0,0,0,0,0,0,0,0,0,0
0.01,1,1,1,2,Elite Vanguard,2,1,0,0,0,0,0,0,0,0,0,0,0,0,0,0,0,0,0,0
0.01,6,1,5,2,Elixir of Immortality,,,0,0,0,0,0,0,0,0,0,0,0,0,0,0,0,0,0,0
0.06,5,3,1,3,Elvish Archdruid,2,2,0,0,0,0,0,0,0,0,0,0,0,0,0,0,0,0,0,0
0.04,5,1,1,1,Elvish Mystic,1,1,0,0,0,0,0,0,0,0,0,0,0,0,0,0,0,0,0,0
0.02,5,4,1,3,Elvish Piper,1,1,0,0,0,0,0,0,0,0,0,0,0,0,0,0,0,0,0,0
0.03,5,2,1,1,Elvish Visionary,1,1,0,0,0,0,0,0,0,0,0,0,0,0,0,0,0,0,0,1
0.01,4,2,1,2,Ember Hauler,2,2,0,0,0,0,0,0,0,0,0,0,0,0,0,0,0,1,0,0
0.02,5,4,1,1,Emerald Oryx,2,3,0,0,0,0,0,0,0,0,0,0,0,0,0,0,0,0,0,0
0.02,6,0,7,2,Encroaching Wastes,,,0,0,0,0,0,0,0,0,0,1,0,0,0,0,0,1,1,0
0.02,2,3,4,1,Encrust,,,0,0,0,0,0,0,0,0,0,0,0,0,0,0,0,0,0,0
0.01,3,6,3,2,Endless Obedience,,,0,0,0,0,0,0,0,0,0,0,0,0,0,0,0,0,0,0
0.01,5,5,3,2,Enlarge,,,0,0,1,0,0,0,0,0,0,0,0,0,0,0,0,0,0,0
0.02,5,7,1,2,Enormous Baloth,7,7,0,0,0,0,0,0,0,0,0,0,0,0,0,0,0,0,0,0
0.03,2,2,4,2,Ensoul Artifact,,,0,0,0,0,0,0,0,0,0,0,0,0,0,0,0,0,0,0
0.01,5,4,4,1,Entangling Vines,,,0,0,0,0,0,0,0,0,0,0,0,0,0,0,0,0,0,0
0.01,1,2,2,1,Ephemeral Shields,,,0,0,0,0,0,0,0,0,0,0,1,0,0,0,0,0,0,0
0.01,1,1,2,1,Erase,,,0,0,0,0,0,0,0,0,0,0,0,0,0,0,0,0,0,0
0.01,3,5,3,1,Essence Drain,,,0,0,0,0,0,0,0,0,0,0,0,0,0,0,0,0,0,0
0.04,2,2,2,1,Essence Scatter,,,0,0,0,0,0,0,0,0,0,0,0,0,0,0,0,0,0,0
0.01,3,2,4,1,Eternal Thirst,,,0,0,0,1,0,0,0,0,0,0,0,0,0,0,0,0,0,0
0.04,6,0,7,1,Evolving Wilds,,,0,0,0,0,0,0,0,0,0,0,0,0,0,0,0,1,0,0
0.02,1,3,3,1,Excommunicate,,,0,0,0,0,0,0,0,0,0,0,0,0,0,0,0,0,0,0
0.03,2,3,3,2,Fabricate,,,0,0,0,0,0,0,0,0,0,0,0,0,0,0,0,0,0,0
0.01,2,5,1,1,Faerie Invaders,3,3,0,0,0,0,0,0,0,0,0,0,0,1,0,0,1,0,0,0
0.06,1,4,2,3,Faith's Reward,,,0,0,0,0,0,0,0,0,0,0,0,0,0,0,0,0,0,0
0.03,5,2,3,1,Farseek,,,0,0,0,0,0,0,0,0,0,0,0,0,0,0,0,0,0,0
0.36,5,2,1,3,Fauna Shaman,2,2,0,0,0,0,0,0,0,0,0,0,0,0,0,0,0,0,0,0
0.01,3,3,4,2,Feast on the Fallen,,,0,0,0,0,0,0,0,0,0,0,0,0,0,0,0,0,0,0
0.01,5,9,3,2,Feral Incarnation,,,0,0,0,0,0,0,0,0,0,0,0,0,0,0,0,0,0,0
0.01,4,3,4,3,Fervor,,,0,0,0,0,0,0,0,0,0,1,0,0,0,0,0,0,0,0
0.01,3,3,3,1,Festergloom,,,0,0,0,0,0,0,0,0,0,0,0,0,0,0,0,0,0,0
0.01,3,1,1,1,Festering Newt,1,1,0,0,0,0,0,0,0,0,0,0,0,0,0,0,0,0,0,0
0.02,1,3,1,3,Fiendslayer Paladin,2,2,1,0,0,1,0,0,0,0,0,0,0,0,0,0,0,0,0,0
0.01,4,3,1,1,Fiery Hellhound,2,2,0,0,0,0,0,0,0,0,0,0,0,0,0,0,0,0,0,0
0.01,4,5,1,1,Fire Elemental,5,4,0,0,0,0,0,0,0,0,0,0,0,0,0,0,0,0,0,0
0.01,4,5,1,2,Fire Servant,4,3,0,0,0,0,0,0,0,0,0,0,0,0,0,0,0,0,0,0
0.01,4,1,3,2,Fireball,,,0,0,0,0,0,0,0,0,0,0,0,0,0,0,0,0,0,0
0.02,4,1,4,1,Firebreathing,,,0,0,0,0,0,0,0,0,0,0,0,0,0,0,0,0,0,0
0.01,6,3,5,2,Fireshrieker,,,0,0,0,0,1,0,0,0,0,0,0,0,0,0,0,0,0,0
0.01,4,4,1,3,Firewing Phoenix,4,2,0,0,0,0,0,0,0,0,0,0,0,1,0,0,0,0,0,0
0.01,1,4,4,2,First Response,,,0,0,0,0,0,0,0,0,0,0,0,0,0,0,0,0,0,0
0.01,4,6,1,3,Flameblast Dragon,5,5,0,0,0,0,0,0,0,0,0,0,0,1,0,0,0,0,0,0
0.02,4,3,3,2,Flames of the Firebrand,,,0,0,0,0,0,0,0,0,0,0,0,0,0,0,0,0,0,0
0.01,2,2,2,2,Flashfreeze,,,0,0,0,0,0,0,0,0,0,0,0,0,0,0,0,0,0,0
0.01,3,5,2,1,Flesh to Dust,,,0,0,0,0,0,0,0,0,0,0,0,0,0,0,0,0,1,0
0.02,4,7,1,2,Fleshpulper Giant,4,4,0,0,0,0,0,0,0,0,0,0,0,0,0,0,0,0,1,0
0.01,2,1,4,1,Flight,,,0,0,0,0,0,0,0,0,0,0,0,1,0,0,0,0,0,0
0.01,4,2,2,1,Fling,,,0,0,0,0,0,0,0,0,0,0,0,0,0,0,0,1,0,0
0.01,0,2,1,2,Flinthoof Boar,2,2,0,0,0,0,0,0,0,0,0,1,0,0,0,0,0,0,0,0
0.01,5,1,2,1,Fog,,,0,0,0,0,0,0,0,0,0,0,0,0,0,0,0,0,0,0
0.02,2,2,1,2,Fog Bank,0,2,0,0,0,0,0,0,0,0,1,0,0,1,0,0,0,0,0,0
0.01,2,4,3,1,Foresee,,,0,0,0,0,0,0,0,0,0,0,0,0,0,0,0,0,0,1
0.01,4,1,1,1,Forge Devil,1,1,0,0,0,0,0,0,0,0,0,0,0,0,0,0,0,0,0,0
0.01,1,3,2,1,Fortify,,,0,0,0,0,0,0,0,0,0,0,0,0,0,0,0,0,0,0
0.04,4,1,1,1,Foundry Street Denizen,1,1,0,0,0,0,0,0,0,0,0,0,0,0,0,0,0,0,0,0
0.01,4,1,1,2,Frenzied Goblin,1,1,0,0,0,0,0,0,0,0,0,0,0,0,0,0,0,0,0,0
0.01,2,3,2,1,Frost Breath,,,0,0,0,0,0,0,0,0,0,0,0,0,0,0,0,0,0,0
0.01,2,3,1,1,Frost Lynx,2,2,0,0,0,0,0,0,0,0,0,0,0,0,0,0,0,0,0,0
0.7,2,6,1,4,Frost Titan,6,6,0,0,0,0,0,0,0,0,0,0,0,0,0,0,0,0,0,0
0.02,2,1,1,1,Fugitive Wizard,1,1,0,0,0,0,0,0,0,0,0,0,0,0,0,0,0,0,0,0
0.01,5,4,3,2,Fungal Sprouting,,,0,0,0,0,0,0,0,0,0,0,0,0,0,0,0,0,0,0
0.02,4,4,1,2,Furnace Whelp,2,2,0,0,0,0,0,0,0,0,0,0,0,1,0,0,0,0,0,0
0.04,4,7,1,4,Furyborn Hellkite,6,6,0,0,0,0,0,0,0,0,0,0,0,1,0,0,0,0,0,0
0.04,5,7,1,4,Gaea's Revenge,8,5,0,0,0,0,0,0,0,0,0,1,0,0,0,0,0,0,0,0
0.62,2,1,1,3,Galerider Sliver,1,1,0,0,0,0,0,0,0,0,0,0,0,1,0,0,0,0,0,0
0.01,6,0,7,3,Gargoyle Castle,,,0,0,0,0,0,0,0,0,0,0,0,1,0,0,0,1,0,0
0.04,6,3,5,2,Gargoyle Sentinel,3,3,0,0,0,0,0,0,0,0,1,0,0,1,0,0,0,0,0,0
0.56,5,4,6,4,Garruk Wildspeaker,,,0,0,1,0,0,0,0,0,0,0,0,0,0,0,0,0,0,0
0.56,0,7,6,4,"Garruk, Apex Predator",,,0,0,1,0,0,0,1,0,0,0,0,0,0,0,0,0,1,0
0.51,5,6,6,4,"Garruk, Caller of Beasts",,,0,0,0,0,0,0,0,0,0,0,0,0,0,0,0,0,0,0
0.73,5,5,6,4,"Garruk, Primal Hunter",,,0,0,0,0,0,0,0,0,0,0,0,0,0,0,0,0,0,1
0.01,5,2,1,1,Garruk's Companion,3,2,0,0,1,0,0,0,0,0,0,0,0,0,0,0,0,0,0,0
0.01,5,7,1,3,Garruk's Horde,7,7,0,0,1,0,0,0,0,0,0,0,0,0,0,0,0,0,0,0
0.01,5,5,1,2,Garruk's Packleader,4,4,0,0,0,0,0,0,0,0,0,0,0,0,0,0,0,0,0,1
0.01,5,1,2,2,Gather Courage,,,0,0,0,0,0,0,0,0,0,0,0,0,0,0,0,0,0,0
0.01,1,3,1,2,Geist of the Moors,3,1,0,0,0,0,0,0,0,0,0,0,0,1,0,0,0,0,0,0
0.01,6,3,5,2,Gem of Becoming,,,0,0,0,0,0,0,0,0,0,0,0,0,0,0,0,1,0,0
0.01,4,2,1,1,Generator Servant,2,1,0,0,0,0,0,0,0,0,0,1,0,0,0,0,0,1,0,0
0.03,5,2,1,3,Genesis Hydra,0,0,0,0,0,0,0,0,0,0,0,0,0,0,0,0,0,0,0,0
0.02,5,1,2,1,Giant Growth,,,0,0,0,0,0,0,0,0,0,0,0,0,0,0,0,0,0,0
0.02,3,3,1,1,Giant Scorpion,1,3,0,0,0,0,0,0,1,0,0,0,0,0,0,0,0,0,0,0
0.02,5,4,1,1,Giant Spider,2,4,0,0,0,0,0,0,0,0,0,0,0,0,1,0,0,0,0,0
2.73,1,5,6,4,Gideon Jura,,,0,0,0,0,0,0,0,0,0,0,0,0,0,0,0,0,1,0
0.01,1,3,1,3,Gideon's Avenger,2,2,0,0,0,0,0,0,0,0,0,0,0,0,0,0,0,0,0,0
0.01,1,1,1,1,Gideon's Lawkeeper,1,1,0,0,0,0,0,0,0,0,0,0,0,0,0,0,0,0,0,0
0.19,6,5,5,3,Gilded Lotus,,,0,0,0,0,0,0,0,0,0,0,0,0,0,0,0,0,0,0
0.01,2,6,1,1,Glacial Crasher,5,5,0,0,1,0,0,0,0,0,0,0,0,0,0,0,0,0,0,0
1.28,0,0,7,3,Glacial Fortress,,,0,0,0,0,0,0,0,0,0,0,0,0,0,0,0,0,0,0
0.04,5,1,1,1,Gladecover Scout,1,1,0,0,0,0,0,1,0,0,0,0,0,0,0,0,0,0,0,0
0.01,2,3,3,2,Glimpse the Future,,,0,0,0,0,0,0,0,0,0,0,0,0,0,0,0,0,0,0
0.02,1,2,2,1,Glorious Charge,,,0,0,0,0,0,0,0,0,0,0,0,0,0,0,0,0,0,0
0.01,3,2,1,2,Gnawing Zombie,1,3,0,0,0,0,0,0,0,0,0,0,0,0,0,0,0,1,0,0
0.01,4,1,1,1,Goblin Arsonist,1,1,0,0,0,0,0,0,0,0,0,0,0,0,0,0,0,0,0,0
0.02,4,3,1,2,Goblin Artillery,1,3,0,0,0,0,0,0,0,0,0,0,0,0,0,0,0,0,0,0
0.04,4,1,1,1,Goblin Balloon Brigade,1,1,0,0,0,0,0,0,0,0,0,0,0,1,0,0,0,0,0,0
0.01,4,4,1,2,Goblin Bangchuckers,2,2,0,0,0,0,0,0,0,0,0,0,0,0,0,0,0,0,0,0
0.02,4,4,1,1,Goblin Battle Jester,2,2,0,0,0,0,0,0,0,0,0,0,0,0,0,0,0,0,0,0
0.7,4,3,1,3,Goblin Chieftain,2,2,0,0,0,0,0,0,0,0,0,1,0,0,0,0,0,0,0,0
0.01,4,2,1,3,Goblin Diplomats,2,1,0,0,0,0,0,0,0,0,0,0,0,0,0,0,0,0,0,0
0.01,4,1,1,1,Goblin Fireslinger,1,1,0,0,0,0,0,0,0,0,0,0,0,0,0,0,0,0,0,0
0.05,4,1,3,2,Goblin Grenade,,,0,0,0,0,0,0,0,0,0,0,0,0,0,0,0,1,0,0
0.01,4,2,1,3,Goblin Kaboomist,1,2,0,0,0,0,0,0,0,0,0,0,0,1,0,0,0,1,0,0
0.02,4,2,1,1,Goblin Piker,2,1,0,0,0,0,0,0,0,0,0,0,0,0,0,0,0,0,0,0
4.07,4,3,1,3,Goblin Rabblemaster,2,2,0,0,0,0,0,0,0,0,0,1,0,0,0,0,0,0,0,0
0.01,4,3,1,1,Goblin Roughrider,3,2,0,0,0,0,0,0,0,0,0,0,0,0,0,0,0,0,0,0
0.01,4,2,1,1,Goblin Shortcutter,2,1,0,0,0,0,0,0,0,0,0,0,0,0,0,0,0,0,0,0
0.01,4,2,1,1,Goblin Tunneler,1,1,0,0,0,0,0,0,0,0,0,0,0,0,0,0,0,0,0,0
0.02,4,2,4,1,Goblin War Paint,,,0,0,0,0,0,0,0,0,0,1,0,0,0,0,0,0,0,0
0.01,1,1,1,1,Goldenglow Moth,0,1,0,0,0,0,0,0,0,0,0,0,0,1,0,0,0,0,0,0
0.02,4,4,1,1,Gorehorn Minotaurs,3,3,0,0,0,0,0,0,0,0,0,0,0,0,0,0,0,0,0,0
0.01,6,2,5,2,Gorgon Flail,,,0,0,0,0,0,0,1,0,0,0,0,0,0,0,0,0,0,0
0.74,1,2,1,3,Grand Abolisher,2,2,0,0,0,0,0,0,0,0,0,0,0,0,0,0,0,0,0,0
3.42,3,6,1,4,Grave Titan,6,6,0,0,0,0,0,0,1,0,0,0,0,0,0,0,0,0,0,0
0.04,3,4,1,1,Gravedigger,2,2,0,0,0,0,0,0,0,0,0,0,0,0,0,0,0,0,0,0
0.02,5,3,1,3,Great Sable Stag,3,3,0,0,0,0,0,0,0,0,0,0,0,0,0,0,0,0,0,0
0.02,5,5,1,1,Greater Basilisk,3,5,0,0,0,0,0,0,1,0,0,0,0,0,0,0,0,0,0,0
0.01,6,3,5,2,Greatsword,,,0,0,0,0,0,0,0,0,0,0,0,0,0,0,0,0,0,0
0.01,1,4,1,1,Griffin Protector,2,3,0,0,0,0,0,0,0,0,0,0,0,1,0,0,0,0,0,0
0.03,1,2,1,1,Griffin Rider,1,1,0,0,0,0,0,0,0,0,0,0,0,1,0,0,0,0,0,0
0.02,1,3,1,1,Griffin Sentinel,1,3,0,1,0,0,0,0,0,0,0,0,0,1,0,0,0,0,0,0
1.52,4,1,1,3,Grim Lavamancer,1,1,0,0,0,0,0,0,0,0,0,0,0,0,0,0,0,0,0,0
0.01,3,3,2,3,Grim Return,,,0,0,0,0,0,0,0,0,0,0,0,0,0,0,0,0,0,0
0.01,6,2,5,3,Grindclock,,,0,0,0,0,0,0,0,0,0,0,0,0,0,0,0,0,0,0
0.11,5,2,4,3,Ground Seal,,,0,0,0,0,0,0,0,0,0,0,0,0,0,0,0,0,0,1
0.01,5,7,1,1,Groundshaker Sliver,5,5,0,0,1,0,0,0,0,0,0,0,0,0,0,0,0,0,0,0
0.02,1,5,1,1,Guardian Lions,1,6,0,1,0,0,0,0,0,0,0,0,0,0,0,0,0,0,0,0
0.01,6,7,5,3,Guardian of the Ages,7,7,0,0,1,0,0,0,0,0,1,0,0,0,0,0,0,0,0,0
0.01,1,4,1,3,Guardian Seraph,3,4,0,0,0,0,0,0,0,0,0,0,0,1,0,0,0,0,0,0
0.01,1,3,1,1,Guardians of Akrasa,0,4,0,0,0,0,0,0,0,0,1,0,0,0,0,0,0,0,0,0
0.03,1,3,2,1,Guardians' Pledge,,,0,0,0,0,0,0,0,0,0,0,0,0,0,0,0,0,0,0
0.01,4,7,1,3,Hamletback Goliath,6,6,0,0,0,0,0,0,0,0,0,0,0,0,0,0,0,0,0,0
0.01,4,1,4,1,Hammerhand,,,0,0,0,0,0,0,0,0,0,1,0,0,0,0,0,0,0,0
0.02,0,3,1,2,Harbor Bandit,2,2,0,0,0,0,0,0,0,0,0,0,0,0,0,0,0,0,0,0
0.01,2,6,1,1,Harbor Serpent,5,5,0,0,0,0,0,0,0,0,0,0,0,0,0,0,0,0,0,0
0.01,1,1,2,2,Harm's Way,,,0,0,0,0,0,0,0,0,0,0,0,0,0,0,0,0,0,0
0.02,6,4,5,3,Haunted Plate Mail,,,0,0,0,0,0,0,0,0,0,0,0,0,0,0,0,0,0,0
0.02,3,5,3,3,Haunting Echoes,,,0,0,0,0,0,0,0,0,0,0,0,0,0,0,0,0,0,0
0.01,1,4,1,2,Healer of the Pride,2,3,0,0,0,0,0,0,0,0,0,0,0,0,0,0,0,0,0,0
0.01,4,1,2,2,Heat Ray,,,0,0,0,0,0,0,0,0,0,0,0,0,0,0,0,0,0,0
0.04,1,3,1,1,Heliod's Pilgrim,1,2,0,0,0,0,0,0,0,0,0,0,0,0,0,0,0,0,0,0
0.01,4,0,7,3,Hellion Crucible,,,0,0,0,0,0,0,0,0,0,1,0,0,0,0,0,1,0,0
0.02,3,3,3,1,Hideous Visage,,,0,0,0,0,0,0,0,0,0,0,0,0,0,0,0,0,0,0
0.02,2,6,4,3,Hive Mind,,,0,0,0,0,0,0,0,0,0,0,0,0,0,0,0,0,0,0
0.04,1,3,3,1,Hive Stirrings,,,0,0,0,0,0,0,0,0,0,0,0,0,0,0,0,0,0,0
0.01,4,5,1,3,Hoarding Dragon,4,4,0,0,0,0,0,0,0,0,0,0,0,1,0,0,0,0,0,0
0.04,1,1,4,1,Holy Strength,,,0,0,0,0,0,0,0,0,0,0,0,0,0,0,0,0,0,0
0.06,1,2,4,3,Honor of the Pure,,,0,0,0,0,0,0,0,0,0,0,0,0,0,0,0,0,0,0
0.01,2,3,1,1,Horned Turtle,1,4,0,0,0,0,0,0,0,0,0,0,0,0,0,0,0,0,0,0
0.02,5,3,1,3,Hornet Nest,0,2,0,0,0,0,0,0,1,0,1,0,0,1,0,0,0,0,0,0
0.6,5,7,1,3,Hornet Queen,2,2,0,0,0,0,0,0,1,0,0,0,0,1,0,0,0,0,0,0
0.01,5,1,2,1,Hornet Sting,,,0,0,0,0,0,0,0,0,0,0,0,0,0,0,0,0,0,0
0.01,6,1,5,2,Hot Soup,,,0,0,0,0,0,0,0,0,0,0,0,0,0,0,0,0,1,0
0.01,5,7,3,2,Howl of the Night Pack,,,0,0,0,0,0,0,0,0,0,0,0,0,0,0,0,0,0,0
0.02,3,4,1,2,Howling Banshee,3,3,0,0,0,0,0,0,0,0,0,0,0,1,0,0,0,0,0,0
0.46,6,2,5,3,Howling Mine,,,0,0,0,0,0,0,0,0,0,0,0,0,0,0,0,0,0,1
0.01,5,4,3,1,Hunt the Weak,,,0,0,0,0,0,0,0,0,0,0,0,0,0,0,0,0,0,0
0.01,5,3,2,1,Hunter's Ambush,,,0,0,0,0,0,0,0,0,0,0,0,0,0,0,0,0,0,0
0.02,5,4,3,1,Hunters' Feast,,,0,0,0,0,0,0,0,0,0,0,0,0,0,0,0,0,0,0
0.01,5,3,2,2,Hunter's Insight,,,0,0,0,0,0,0,0,0,0,0,0,0,0,0,0,0,0,1
0.03,1,3,1,3,Hushwing Gryff,2,1,0,0,0,0,0,0,0,0,0,0,0,1,0,0,1,0,0,0
0.02,2,1,2,1,Hydrosurge,,,0,0,0,0,0,0,0,0,0,0,0,0,0,0,0,0,0,0
0.02,3,3,1,3,Hypnotic Specter,2,2,0,0,0,0,0,0,0,0,0,0,0,1,0,0,0,0,0,0
0.01,2,2,4,1,Ice Cage,,,0,0,0,0,0,0,0,0,0,0,0,0,0,0,0,0,1,0
0.01,4,2,2,2,Ignite Disorder,,,0,0,0,0,0,0,0,0,0,0,0,0,0,0,0,0,0,0
0.01,2,5,4,2,Illusionary Armor,,,0,0,0,0,0,0,0,0,0,0,0,0,0,0,0,1,0,0
0.01,2,3,1,1,Illusionary Servant,3,4,0,0,0,0,0,0,0,0,0,0,0,1,0,0,0,1,0,0
0.01,2,3,1,2,Illusory Angel,4,4,0,0,0,0,0,0,0,0,0,0,0,1,0,0,0,0,0,0
0.02,1,2,1,3,Imposing Sovereign,2,1,0,0,0,0,0,0,0,0,0,0,0,0,0,0,0,0,0,0
0.02,3,9,3,3,In Garruk's Wake,,,0,0,0,0,0,0,0,0,0,0,0,0,0,0,0,0,1,0
0.01,4,2,2,1,Incinerate,,,0,0,0,0,0,0,0,0,0,0,0,0,0,0,0,0,0,0
0.01,4,1,2,1,Incite,,,0,0,0,0,0,0,0,0,0,0,0,0,0,0,0,0,0,0
0.01,1,4,4,3,Indestructibility,,,0,0,0,0,0,0,0,0,0,0,1,0,0,0,0,0,0,0
0.01,2,1,3,1,Index,,,0,0,0,0,0,0,0,0,0,0,0,0,0,0,0,0,0,0
0.01,3,5,1,3,Indulgent Tormentor,5,3,0,0,0,0,0,0,0,0,0,0,0,1,0,0,0,1,0,1
0.01,1,1,1,1,Infantry Veteran,1,1,0,0,0,0,0,0,0,0,0,0,0,0,0,0,0,0,0,0
0.02,4,6,1,2,Inferno Elemental,4,4,0,0,0,0,0,0,0,0,0,0,0,0,0,0,0,0,0,0
0.01,4,2,4,1,Inferno Fist,,,0,0,0,0,0,0,0,0,0,0,0,0,0,0,0,1,0,0
5.86,4,6,1,4,Inferno Titan,6,6,0,0,0,0,0,0,0,0,0,0,0,0,0,0,0,0,0,0
0.01,1,4,2,1,Inspired Charge,,,0,0,0,0,0,0,0,0,0,0,0,0,0,0,0,0,0,0
0.01,2,4,3,2,Into the Void,,,0,0,0,0,0,0,0,0,0,0,0,0,0,0,0,0,0,0
0.01,5,4,4,3,Into the Wilds,,,0,0,0,0,0,0,0,0,0,0,0,0,0,0,0,0,0,0
0.02,1,3,1,3,Intrepid Hero,1,1,0,0,0,0,0,0,0,0,0,0,0,0,0,0,0,0,1,0
0.01,5,3,1,1,Invasive Species,3,3,0,0,0,0,0,0,0,0,0,0,0,0,0,0,0,0,0,0
0.01,2,2,4,1,Invisibility,,,0,0,0,0,0,0,0,0,0,0,0,0,0,0,0,0,0,0
0.4,2,3,6,4,Jace Beleren,,,0,0,0,0,0,0,0,0,0,0,0,0,0,0,0,0,0,1
0.33,2,5,6,4,"Jace, Memory Adept",,,0,0,0,0,0,0,0,0,0,0,0,0,0,0,0,0,0,1
0.86,2,4,6,4,"Jace, the Living Guildpact",,,0,0,0,0,0,0,0,0,0,0,0,0,0,0,0,0,0,1
0.01,2,3,1,3,Jace's Archivist,2,2,0,0,0,0,0,0,0,0,0,0,0,0,0,0,0,0,0,1
0.02,2,2,4,1,Jace's Erasure,,,0,0,0,0,0,0,0,0,0,0,0,0,0,0,0,0,0,1
0.01,2,5,2,2,Jace's Ingenuity,,,0,0,0,0,0,0,0,0,0,0,0,0,0,0,0,0,0,1
0.01,2,6,1,3,Jace's Mindseeker,4,4,0,0,0,0,0,0,0,0,0,0,0,1,0,0,0,0,0,0
0.04,2,1,1,2,Jace's Phantasm,1,1,0,0,0,0,0,0,0,0,0,0,0,1,0,0,0,0,0,0
0.02,4,1,1,1,Jackal Familiar,2,2,0,0,0,0,0,0,0,0,0,0,0,0,0,0,0,0,0,0
0.01,5,2,1,2,Jade Mage,2,1,0,0,0,0,0,0,0,0,0,0,0,0,0,0,0,0,0,0
0.02,2,4,1,3,"Jalira, Master Polymorphist",2,2,0,0,0,0,0,0,0,0,0,0,0,0,0,0,0,1,0,0
0.01,6,4,5,2,Jayemdae Tome,,,0,0,0,0,0,0,0,0,0,0,0,0,0,0,0,0,0,1
0.01,6,2,5,3,Jinxed Idol,,,0,0,0,0,0,0,0,0,0,0,0,0,0,0,0,1,0,0
0.01,0,3,1,2,Jorubai Murk Lurker,1,3,0,0,0,1,0,0,0,0,0,0,0,0,0,0,0,0,0,0
0.02,6,4,5,2,Juggernaut,5,3,0,0,0,0,0,0,0,0,0,0,0,0,0,0,0,0,0,0
0.01,2,1,2,1,Jump,,,0,0,0,0,0,0,0,0,0,0,0,1,0,0,0,0,0,0
0.01,5,7,1,3,Kalonian Behemoth,9,9,0,0,0,0,0,0,0,0,0,0,0,0,0,0,0,0,0,0
0.64,5,5,1,4,Kalonian Hydra,0,0,0,0,1,0,0,0,0,0,0,0,0,0,0,0,0,0,0,0
0.05,5,2,1,2,Kalonian Tusker,3,3,0,0,0,0,0,0,0,0,0,0,0,0,0,0,0,0,0,0
0.02,5,6,1,3,Kalonian Twingrove,,,0,0,0,0,0,0,0,0,0,0,0,0,0,0,0,0,0,0
0.01,2,6,1,2,Kapsho Kitefins,3,3,0,0,0,0,0,0,0,0,0,0,0,1,0,0,0,0,0,0
0.02,3,3,1,1,Kelinore Bat,2,1,0,0,0,0,0,0,0,0,0,0,0,1,0,0,0,0,0,0
0.01,4,1,2,1,Kindled Fury,,,1,0,0,0,0,0,0,0,0,0,0,0,0,0,0,0,0,0
0.01,1,2,1,1,Kinsbaile Skirmisher,2,2,0,0,0,0,0,0,0,0,0,0,0,0,0,0,0,0,0,0
0.01,0,4,1,2,Kird Chieftain,3,3,0,0,1,0,0,0,0,0,0,0,0,0,0,0,0,0,0,0
0.01,6,0,5,2,Kite Shield,,,0,0,0,0,0,0,0,0,0,0,0,0,0,0,0,0,0,0
0.02,6,2,5,2,Kitesail,,,0,0,0,0,0,0,0,0,0,0,0,1,0,0,0,0,0,0
0.1,1,3,1,3,Knight Exemplar,2,2,1,0,0,0,0,0,0,0,0,0,1,0,0,0,0,0,0,0
0.02,1,2,1,2,Knight of Glory,2,1,0,0,0,0,0,0,0,0,0,0,0,0,0,0,0,0,0,0
0.01,3,2,1,2,Knight of Infamy,2,1,0,0,0,0,0,0,0,0,0,0,0,0,0,0,0,0,0,0
0.01,2,1,1,1,Kraken Hatchling,0,4,0,0,0,0,0,0,0,0,0,0,0,0,0,0,0,0,0,0
0.01,6,2,5,2,Kraken's Eye,,,0,0,0,0,0,0,0,0,0,0,0,0,0,0,0,0,0,0
0.24,4,4,1,3,"Krenko, Mob Boss",3,3,0,0,0,0,0,0,0,0,0,0,0,0,0,0,0,0,0,0
0.04,4,2,3,1,Krenko's Command,,,0,0,0,0,0,0,0,0,0,0,0,0,0,0,0,0,0,0
0.01,4,3,1,1,Krenko's Enforcer,2,2,0,0,0,0,0,0,0,0,0,0,0,0,0,0,0,0,0,0
0.01,4,4,1,3,"Kurkesh, Onakke Ancient",4,3,0,0,0,0,0,0,0,0,0,0,0,0,0,0,0,0,0,0
0.01,4,5,3,1,Lava Axe,,,0,0,0,0,0,0,0,0,0,0,0,0,0,0,0,0,0,0
0.01,5,1,3,1,Lay of the Land,,,0,0,0,0,0,0,0,0,0,0,0,0,0,0,0,0,0,0
0.02,3,2,1,2,Leeching Sliver,1,1,0,0,0,0,0,0,0,0,0,0,0,0,0,0,0,0,0,0
0.01,2,4,4,2,Levitation,,,0,0,0,0,0,0,0,0,0,0,0,1,0,0,0,0,0,0
0.4,2,4,4,3,Leyline of Anticipation,,,0,0,0,0,0,0,0,0,0,0,0,0,0,0,1,0,0,0
0.78,4,4,4,3,Leyline of Punishment,,,0,0,0,0,0,0,0,0,0,0,0,0,0,0,0,0,0,0
23.64,1,4,4,3,Leyline of Sanctity,,,0,0,0,0,0,1,0,0,0,0,0,0,0,0,0,0,0,0
17.98,3,4,4,3,Leyline of the Void,,,0,0,0,0,0,0,0,0,0,0,0,0,0,0,0,0,0,0
0.02,5,4,4,3,Leyline of Vitality,,,0,0,0,0,0,0,0,0,0,0,0,0,0,0,0,0,0,0
0.01,3,3,1,3,Lifebane Zombie,3,1,0,0,0,0,0,0,0,0,0,0,0,0,0,0,0,0,0,0
0.02,1,1,4,1,Lifelink,,,0,0,0,1,0,0,0,0,0,0,0,0,0,0,0,0,0,0
0.02,5,2,3,3,Life's Legacy,,,0,0,0,0,0,0,0,0,0,0,0,0,0,0,0,1,0,1
0.86,4,1,2,1,Lightning Bolt,,,0,0,0,0,0,0,0,0,0,0,0,0,0,0,0,0,0,0
0.01,4,4,1,1,Lightning Elemental,4,1,0,0,0,0,0,0,0,0,0,1,0,0,0,0,0,0,0,0
0.04,4,2,2,1,Lightning Strike,,,0,0,0,0,0,0,0,0,0,0,0,0,0,0,0,0,0,0
0.01,4,3,4,1,Lightning Talons,,,1,0,0,0,0,0,0,0,0,0,0,0,0,0,0,0,0,0
0.01,1,5,1,3,Lightwielder Paladin,4,4,1,0,0,0,0,0,0,0,0,0,0,0,0,0,0,0,0,0
1.12,3,4,6,4,Liliana of the Dark Realms,,,0,0,0,0,0,0,0,0,0,0,0,0,0,0,0,0,0,0
0.3,3,5,6,4,Liliana Vess,,,0,0,0,0,0,0,0,0,0,0,0,0,0,0,0,0,0,0
0.04,3,2,4,2,Liliana's Caress,,,0,0,0,0,0,0,0,0,0,0,0,0,0,0,0,0,0,0
0.01,3,4,1,3,Liliana's Reaver,4,3,0,0,0,0,0,0,1,0,0,0,0,0,0,0,0,0,0,0
0.01,3,4,1,1,Liliana's Shade,1,1,0,0,0,0,0,0,0,0,0,0,0,0,0,0,0,0,0,0
0.02,3,3,1,1,Liliana's Specter,2,1,0,0,0,0,0,0,0,0,0,0,0,1,0,0,0,0,0,0
0.01,3,5,3,1,Liturgy of Blood,,,0,0,0,0,0,0,0,0,0,0,0,0,0,0,0,0,1,0
0.01,5,4,1,1,Living Totem,2,3,0,0,0,0,0,0,0,0,0,0,0,0,0,0,0,0,0,0
0.04,5,1,1,1,Llanowar Elves,1,1,0,0,0,0,0,0,0,0,0,0,0,0,0,0,0,0,0,0
0.28,0,0,7,3,Llanowar Wastes,,,0,0,0,0,0,0,0,0,0,1,0,0,0,0,0,0,0,0
0.01,3,3,1,1,Looming Shade,1,1,0,0,0,0,0,0,0,0,0,0,0,0,0,0,0,0,0,0
0.02,2,2,1,3,Lord of the Unreal,2,2,0,0,0,0,0,1,0,0,0,0,0,0,0,0,0,0,0,0
0.02,5,3,4,2,Lure,,,0,0,0,0,0,0,0,0,0,0,0,0,0,0,0,0,0,0
0.01,5,3,1,1,Lurking Crocodile,2,2,0,0,0,0,0,0,0,0,0,0,0,0,0,0,0,0,0,0
0.01,5,6,4,3,Lurking Predators,,,0,0,0,0,0,0,0,0,0,0,0,0,0,0,0,0,0,0
0.01,6,3,5,3,Magebane Armor,,,0,0,0,0,0,0,0,0,0,0,0,1,0,0,0,0,0,0
0.02,4,5,1,3,Magma Phoenix,3,3,0,0,0,0,0,0,0,0,0,0,0,1,0,0,0,0,0,0
0.01,4,2,2,3,Magmaquake,,,0,0,0,0,0,0,0,0,0,0,0,1,0,0,0,0,0,0
0.02,2,6,1,3,Mahamoti Djinn,5,6,0,0,0,0,0,0,0,0,0,0,0,1,0,0,0,0,0,0
0.03,2,2,2,1,Mana Leak,,,0,0,0,0,0,0,0,0,0,0,0,0,0,0,0,0,0,0
0.01,4,4,4,3,Manabarbs,,,0,0,0,0,0,0,0,0,0,0,0,0,0,0,0,0,0,0
0.01,6,3,5,1,Manalith,,,0,0,0,0,0,0,0,0,0,0,0,0,0,0,0,0,0,0
0.04,5,2,1,2,Manaweft Sliver,1,1,0,0,0,0,0,0,0,0,0,0,0,0,0,0,0,0,0,0
0.01,4,3,1,1,Manic Vandal,2,2,0,0,0,0,0,0,0,0,0,0,0,0,0,0,0,0,1,0
0.01,4,4,1,1,Marauding Maulhorn,5,3,0,0,0,0,0,0,0,0,0,0,0,0,0,0,0,0,0,0
0.02,2,2,1,1,Maritime Guard,1,3,0,0,0,0,0,0,0,0,0,0,0,0,0,0,0,0,0,0
0.01,4,3,3,2,Mark of Mutiny,,,0,0,0,0,0,0,0,0,0,1,0,0,0,0,0,0,0,0
0.01,3,4,4,1,Mark of the Vampire,,,0,0,0,1,0,0,0,0,0,0,0,0,0,0,0,0,0,0
0.01,1,4,4,1,Marked by Honor,,,0,1,0,0,0,0,0,0,0,0,0,0,0,0,0,0,0,0
0.01,1,7,3,3,Mass Calcify,,,0,0,0,0,0,0,0,0,0,0,0,0,0,0,0,0,1,0
0.01,2,6,3,3,Mass Polymorph,,,0,0,0,0,0,0,0,0,0,0,0,0,0,0,0,0,0,0
0.01,1,3,1,1,Master of Diversion,2,2,0,0,0,0,0,0,0,0,0,1,0,0,0,0,0,0,0,0
0.01,2,5,1,3,Master of Predicaments,4,4,0,0,0,0,0,0,0,0,0,1,0,1,0,0,0,0,0,0
1.19,2,2,1,3,Master of the Pearl Trident,2,2,0,0,0,0,0,0,0,0,0,0,0,0,0,0,0,0,0,0
0.83,5,4,1,4,Master of the Wild Hunt,3,3,0,0,0,0,0,0,0,0,0,0,0,0,0,0,0,0,0,0
0.01,2,4,1,2,Master Thief,2,2,0,0,0,0,0,0,0,0,0,1,0,0,0,0,0,0,0,0
0.01,1,5,2,1,Meditation Puzzle,,,0,0,0,0,0,0,0,0,0,0,0,0,0,0,0,0,0,0
0.01,5,6,1,3,Megantic Sliver,3,3,0,0,0,0,0,0,0,0,0,0,0,0,0,0,0,0,0,0
0.01,3,3,4,2,Megrim,,,0,0,0,0,0,0,0,0,0,0,0,0,0,0,0,0,0,0
0.01,2,5,1,3,Mercurial Pretender,0,0,0,0,0,0,0,0,0,0,0,0,0,0,0,0,0,0,0,0
0.01,2,2,1,1,Merfolk Looter,1,1,0,0,0,0,0,0,0,0,0,0,0,0,0,0,0,0,0,1
0.02,2,2,1,1,Merfolk Mesmerist,1,2,0,0,0,0,0,0,0,0,0,0,0,0,0,0,0,0,0,0
0.01,2,1,1,1,Merfolk of the Pearl Trident,1,1,0,0,0,0,0,0,0,0,0,0,0,0,0,0,0,0,0,0
0.01,2,3,1,3,Merfolk Sovereign,2,2,0,0,0,0,0,0,0,0,0,0,0,0,0,0,0,0,0,0
0.01,2,1,1,1,Merfolk Spy,1,1,0,0,0,0,0,0,0,0,0,0,0,0,0,0,0,0,0,0
0.01,1,3,1,3,Mesa Enchantress,0,2,0,0,0,0,0,0,0,0,0,0,0,0,0,0,0,0,0,1
0.01,2,5,1,1,Messenger Drake,3,3,0,0,0,0,0,0,0,0,0,0,0,1,0,0,0,0,0,1
0.01,6,5,5,2,Meteorite,,,0,0,0,0,0,0,0,0,0,0,0,0,0,0,0,0,0,0
0.01,1,3,1,1,Midnight Guard,2,3,0,0,0,0,0,0,0,0,0,0,0,0,0,0,0,0,0,0
0.01,4,6,4,2,Might Makes Right,,,0,0,0,0,0,0,0,0,0,1,0,0,0,0,0,0,0,0
0.01,5,4,2,3,Might of Oaks,,,0,0,0,0,0,0,0,0,0,0,0,0,0,0,0,0,0,0
0.01,1,2,2,1,Mighty Leap,,,0,0,0,0,0,0,0,0,0,0,0,1,0,0,0,0,0,0
0.01,2,2,4,2,Military Intelligence,,,0,0,0,0,0,0,0,0,0,0,0,0,0,0,0,0,0,1
0.01,6,2,5,2,Millstone,,,0,0,0,0,0,0,0,0,0,0,0,0,0,0,0,0,0,0
0.01,2,5,4,2,Mind Control,,,0,0,0,0,0,0,0,0,0,0,0,0,0,0,0,0,0,0
0.04,3,3,3,1,Mind Rot,,,0,0,0,0,0,0,0,0,0,0,0,0,0,0,0,0,0,0
0.03,2,2,3,1,Mind Sculpt,,,0,0,0,0,0,0,0,0,0,0,0,0,0,0,0,0,0,0
0.01,3,2,3,3,Mind Shatter,,,0,0,0,0,0,0,0,0,0,0,0,0,0,0,0,0,0,0
0.01,2,2,3,3,Mind Spring,,,0,0,0,0,0,0,0,0,0,0,0,0,0,0,0,0,0,1
0.02,2,6,4,3,Mind Unbound,,,0,0,0,0,0,0,0,0,0,0,0,0,0,0,0,0,0,1
0.01,4,5,1,2,Mindclaw Shaman,2,2,0,0,0,0,0,0,0,0,0,0,0,0,0,0,0,0,0,0
0.01,4,3,1,3,Mindsparker,3,2,1,0,0,0,0,0,0,0,0,0,0,0,0,0,0,0,0,0
0.01,4,6,1,1,Miner's Bane,6,3,0,0,1,0,0,0,0,0,0,0,0,0,0,0,0,0,0,0
0.01,3,6,1,1,Minotaur Abomination,4,6,0,0,0,0,0,0,0,0,0,0,0,0,0,0,0,0,0,0
0.01,6,5,5,3,Mirror of Fate,,,0,0,0,0,0,0,0,0,0,0,0,0,0,0,0,1,0,0
0.01,5,4,1,1,Mist Leopard,3,2,0,0,0,0,0,0,0,0,0,0,0,0,0,0,0,0,0,0
0.01,5,5,1,3,Mitotic Slime,4,4,0,0,0,0,0,0,0,0,0,0,0,0,0,0,0,0,0,0
0.01,4,2,1,1,Mogg Flunkies,3,3,0,0,0,0,0,0,0,0,0,0,0,0,0,0,0,0,0,0
0.01,5,1,1,2,Mold Adder,1,1,0,0,0,0,0,0,0,0,0,0,0,0,0,0,0,0,0,0
0.02,4,3,3,2,Molten Birth,,,0,0,0,0,0,0,0,0,0,0,0,0,0,0,0,0,0,0
0.01,3,5,3,3,Monomania,,,0,0,0,0,0,0,0,0,0,0,0,0,0,0,0,0,0,0
0.02,3,3,2,1,Murder,,,0,0,0,0,0,0,0,0,0,0,0,0,0,0,0,0,1,0
4.92,6,0,7,3,Mutavault,,,0,0,0,0,0,0,0,0,0,0,0,0,0,0,0,0,0,0
0.16,3,4,3,3,Mutilate,,,0,0,0,0,0,0,0,0,0,0,0,0,0,0,0,0,0,0
0.01,5,3,1,2,Mwonvuli Beast Tracker,2,1,0,0,1,0,0,1,1,0,0,0,0,0,1,0,0,0,0,0
0.01,6,0,7,3,Mystifying Maze,,,0,0,0,0,0,0,0,0,0,0,0,0,0,0,0,0,0,0
0.01,3,2,1,3,Nantuko Shade,2,1,0,0,0,0,0,0,0,0,0,0,0,0,0,0,0,0,0,0
0.02,5,2,2,1,Naturalize,,,0,0,0,0,0,0,0,0,0,0,0,0,0,0,0,0,1,0
0.01,5,2,3,2,Nature's Spiral,,,0,0,0,0,0,0,0,0,0,0,0,0,0,0,0,0,0,0
0.01,3,3,2,1,Necrobite,,,0,0,0,0,0,0,1,0,0,0,0,0,0,0,0,0,0,0
0.01,3,3,1,2,Necrogen Scudder,3,3,0,0,0,0,0,0,0,0,0,0,0,1,0,0,0,0,0,0
0.01,3,3,1,1,Necromancer's Assistant,3,1,0,0,0,0,0,0,0,0,0,0,0,0,0,0,0,0,0,0
0.02,3,2,4,3,Necromancer's Stockpile,,,0,0,0,0,0,0,0,0,0,0,0,0,0,0,0,0,0,1
0.01,3,4,4,3,Necrotic Plague,,,0,0,0,0,0,0,0,0,0,0,0,0,0,0,0,1,0,0
0.02,3,6,1,3,"Nefarox, Overlord of Grixis",5,5,0,0,0,0,0,0,0,0,0,0,0,1,0,0,0,1,0,0
0.04,2,2,2,1,Negate,,,0,0,0,0,0,0,0,0,0,0,0,0,0,0,0,0,0,0
0.03,2,4,1,1,Nephalia Seakite,2,3,0,0,0,0,0,0,0,0,0,0,0,1,0,0,1,0,0,0
0.01,5,3,1,1,Netcaster Spider,2,3,0,0,0,0,0,0,0,0,0,1,0,1,1,0,0,0,0,0
0.02,3,4,1,1,Nether Horror,4,2,0,0,0,0,0,0,0,0,0,0,0,0,0,0,0,0,0,0
0.86,0,8,6,4,"Nicol Bolas, Planeswalker",,,0,0,0,0,0,0,0,0,0,0,0,0,0,0,0,1,1,0
0.01,0,5,1,2,Nightfire Giant,4,3,0,0,0,0,0,0,0,0,0,0,0,0,0,0,0,0,0,0
0.02,3,6,1,3,Nightmare,,,0,0,0,0,0,0,0,0,0,0,0,1,0,0,0,0,0,0
0.02,3,5,1,1,Nightwing Shade,2,2,0,0,0,0,0,0,0,0,0,0,0,1,0,0,0,0,0,0
0.01,2,5,1,1,Nimbus of the Isles,3,3,0,0,0,0,0,0,0,0,0,0,0,1,0,0,0,0,0,0
0.99,5,5,6,4,"Nissa, Worldwaker",,,0,0,1,0,0,0,0,0,0,0,0,0,0,0,0,0,0,0
0.01,5,5,3,2,Nissa's Expedition,,,0,0,0,0,0,0,0,0,0,0,0,0,0,0,0,0,0,0
0.01,5,3,4,1,Oakenform,,,0,0,0,0,0,0,0,0,0,0,0,0,0,0,0,0,0,0
0.01,5,3,4,3,Oath of the Ancient Wood,,,0,0,0,0,0,0,0,0,0,0,0,0,0,0,0,0,0,0
0.03,3,6,1,3,"Ob Nixilis, Unshackled",4,4,0,0,1,0,0,0,0,0,0,0,0,1,0,0,0,1,0,0
0.16,6,6,5,3,Obelisk of Urd,,,0,0,0,0,0,0,0,0,0,0,0,0,0,0,0,0,0,0
0.04,1,3,4,2,Oblivion Ring,,,0,0,0,0,0,0,0,0,0,0,0,0,0,0,0,0,0,0
0.83,5,4,1,3,Obstinate Baloth,4,4,0,0,0,0,0,0,0,0,0,0,0,0,0,0,0,0,0,0
0.02,1,4,1,3,"Odric, Master Tactician",3,4,1,0,0,0,0,0,0,0,0,1,0,0,0,0,0,0,0,0
0.02,4,4,1,3,Ogre Battledriver,3,3,0,0,0,0,0,0,0,0,0,1,0,0,0,0,0,0,0,0
5.17,2,10,4,4,Omniscience,,,0,0,0,0,0,0,0,0,0,0,0,0,0,0,0,0,0,0
0.02,3,2,1,2,Onyx Mage,2,1,0,0,0,0,0,0,1,0,0,0,0,0,0,0,0,0,0,0
0.26,1,6,3,3,Open the Vaults,,,0,0,0,0,0,0,0,0,0,0,0,0,0,0,0,0,0,0
0.01,2,6,2,2,Opportunity,,,0,0,0,0,0,0,0,0,0,0,0,0,0,0,0,0,0,1
0.01,1,1,4,1,Oppressive Rays,,,0,0,0,0,0,0,0,0,0,0,0,0,0,0,0,0,0,0
0.01,1,2,1,1,Oreskos Swiftclaw,3,1,0,0,0,0,0,0,0,0,0,0,0,0,0,0,0,0,0,0
0.03,6,0,5,2,Ornithopter,0,2,0,0,0,0,0,0,0,0,0,0,0,1,0,0,0,0,0,0
0.01,5,5,3,2,Overrun,,,0,0,1,0,0,0,0,0,0,0,0,0,0,0,0,0,0,0
0.01,5,7,3,2,Overwhelm,,,0,0,0,0,0,0,0,0,0,0,0,0,0,0,0,0,0,0
0.01,5,5,3,3,Overwhelming Stampede,,,0,0,1,0,0,0,0,0,0,0,0,0,0,0,0,0,0,0
0.02,1,2,4,1,Pacifism,,,0,0,0,0,0,0,0,0,0,0,0,0,0,0,0,0,0,0
0.02,1,3,1,1,Palace Guard,1,4,0,0,0,0,0,0,0,0,0,0,0,0,0,0,0,0,0,0
0.01,4,3,3,1,Panic Attack,,,0,0,0,0,0,0,0,0,0,0,0,0,0,0,0,0,0,0
0.01,5,4,1,2,Paragon of Eternal Wilds,2,2,0,0,1,0,0,0,0,0,0,0,0,0,0,0,0,0,0,0
0.01,4,4,1,2,Paragon of Fierce Defiance,2,2,0,0,0,0,0,0,0,0,0,1,0,0,0,0,0,0,0,0
0.01,2,4,1,2,Paragon of Gathering Mists,2,2,0,0,0,0,0,0,0,0,0,0,0,1,0,0,0,0,0,0
0.01,1,4,1,2,Paragon of New Dawns,2,2,0,1,0,0,0,0,0,0,0,0,0,0,0,0,0,0,0,0
0.01,3,4,1,2,Paragon of Open Graves,2,2,0,0,0,0,0,0,1,0,0,0,0,0,0,0,0,0,0,0
0.02,1,3,4,3,Path of Bravery,,,0,0,0,0,0,0,0,0,0,0,0,0,0,0,0,0,0,0
0.01,1,1,2,1,Pay No Heed,,,0,0,0,0,0,0,0,0,0,0,0,0,0,0,0,0,0,0
0.01,2,2,2,1,Peel from Reality,,,0,0,0,0,0,0,0,0,0,0,0,0,0,0,0,0,0,0
0.01,6,7,5,3,Pentavus,0,0,0,0,0,0,0,0,0,0,0,0,0,1,0,0,0,1,0,0
0.01,1,5,1,1,Peregrine Griffin,2,4,1,0,0,0,0,0,0,0,0,0,0,1,0,0,0,0,0,0
0.22,6,4,5,4,Perilous Vault,,,0,0,0,0,0,0,0,0,0,0,0,0,0,0,0,0,0,0
0.01,1,3,4,3,Personal Sanctuary,,,0,0,0,0,0,0,0,0,0,0,0,0,0,0,0,0,0,0
0.02,2,1,1,1,Phantasmal Bear,2,2,0,0,0,0,0,0,0,0,0,0,0,0,0,0,0,1,0,0
0.01,2,4,1,2,Phantasmal Dragon,5,5,0,0,0,0,0,0,0,0,0,0,0,1,0,0,0,1,0,0
0.41,2,2,1,3,Phantasmal Image,0,0,0,0,0,0,0,0,0,0,0,0,0,0,0,0,0,1,0,0
0.02,2,4,1,1,Phantom Beast,4,5,0,0,0,0,0,0,0,0,0,0,0,0,0,0,0,1,0,0
0.01,2,3,1,2,Phantom Warrior,2,2,0,0,0,0,0,0,0,0,0,0,0,0,0,0,0,0,0,0
0.01,3,3,1,3,Phylactery Lich,5,5,0,0,0,0,0,0,0,0,0,0,1,0,0,0,0,1,0,0
0.04,6,6,5,2,Phyrexian Hulk,5,4,0,0,0,0,0,0,0,0,0,0,0,0,0,0,0,0,0,0
0.36,6,2,5,3,Phyrexian Revoker,2,1,0,0,0,0,0,0,0,0,0,0,0,0,0,0,0,0,0,0
0.01,5,6,1,3,Phytotitan,7,2,0,0,0,0,0,0,0,0,0,0,0,0,0,0,0,0,0,0
0.01,1,3,2,1,Pillar of Light,,,0,0,0,0,0,0,0,0,0,0,0,0,0,0,0,0,0,0
0.02,1,4,1,1,Pillarfield Ox,2,4,0,0,0,0,0,0,0,0,0,0,0,0,0,0,0,0,0,0
0.02,4,5,1,1,Pitchburn Devils,3,3,0,0,0,0,0,0,0,0,0,0,0,0,0,0,0,0,0,0
1.09,6,1,5,3,Pithing Needle,,,0,0,0,0,0,0,0,0,0,0,0,0,0,0,0,0,0,0
0.01,1,6,3,3,Planar Cleansing,,,0,0,0,0,0,0,0,0,0,0,0,0,0,0,0,0,1,0
0.13,6,7,5,4,Platinum Angel,4,4,0,0,0,0,0,0,0,0,0,0,0,1,0,0,0,0,0,0
0.01,5,2,2,1,Plummet,,,0,0,0,0,0,0,0,0,0,0,0,1,0,0,0,0,1,0
0.11,2,4,3,3,Polymorph,,,0,0,0,0,0,0,0,0,0,0,0,0,0,0,0,0,1,0
0.01,2,3,2,3,Polymorphist's Jest,,,0,0,0,0,0,0,0,0,0,0,0,0,0,0,0,0,0,0
0.04,2,1,3,1,Ponder,,,0,0,0,0,0,0,0,0,0,0,0,0,0,0,0,0,0,1
0.01,5,5,3,3,Predatory Rampage,,,0,0,0,0,0,0,0,0,0,0,0,0,0,0,0,0,0,0
0.04,5,2,1,1,Predatory Sliver,1,1,0,0,0,0,0,0,0,0,0,0,0,0,0,0,0,0,0,0
0.01,1,3,1,3,Preeminent Captain,2,2,1,0,0,0,0,0,0,0,0,0,0,0,0,0,0,0,0,0
0.44,2,1,3,1,Preordain,,,0,0,0,0,0,0,0,0,0,0,0,0,0,0,0,0,0,1
0.01,5,1,3,1,Prey Upon,,,0,0,0,0,0,0,0,0,0,0,0,0,0,0,0,0,0,0
0.01,1,1,1,1,Pride Guardian,0,3,0,0,0,0,0,0,0,0,1,0,0,0,0,0,0,0,0,0
0.02,6,4,5,2,Primal Clay,,,0,0,0,0,0,0,0,0,1,0,0,1,0,0,0,0,0,0
0.01,5,1,4,1,Primal Cocoon,,,0,0,0,0,0,0,0,0,0,0,0,0,0,0,0,1,0,0
0.01,5,4,1,1,Primal Huntbeast,3,3,0,0,0,0,0,1,0,0,0,0,0,0,0,0,0,0,0,0
0.61,5,6,4,4,Primeval Bounty,,,0,0,0,0,0,0,0,0,0,0,0,0,0,0,0,0,0,0
10.16,5,6,1,4,Primeval Titan,6,6,0,0,1,0,0,0,0,0,0,0,0,0,0,0,0,0,0,0
1.51,5,2,1,4,Primordial Hydra,0,0,0,0,1,0,0,0,0,0,0,0,0,0,0,0,0,0,0,0
0.01,0,4,1,2,Prized Elephant,3,3,0,0,1,0,0,0,0,0,0,0,0,0,0,0,0,0,0,0
0.04,5,4,1,2,Prized Unicorn,2,2,0,0,0,0,0,0,0,0,0,0,0,0,0,0,0,0,0,0
0.02,4,3,1,2,Prodigal Pyromancer,1,1,0,0,0,0,0,0,0,0,0,0,0,0,0,0,0,0,0,0
0.03,6,1,5,2,Profane Memento,,,0,0,0,0,0,0,0,0,0,0,0,0,0,0,0,0,0,0
0.18,5,1,1,4,Protean Hydra,0,0,0,0,0,0,0,0,0,0,0,0,0,0,0,0,0,0,0,0
0.01,3,6,2,2,Public Execution,,,0,0,0,0,0,0,0,0,0,0,0,0,0,0,0,0,1,0
0.04,4,2,2,1,Pyretic Ritual,,,0,0,0,0,0,0,0,0,0,0,0,0,0,0,0,0,0,0
0.03,4,2,3,2,Pyroclasm,,,0,0,0,0,0,0,0,0,0,0,0,0,0,0,0,0,0,0
0.01,6,5,5,3,Pyromancer's Gauntlet,,,0,0,0,0,0,0,0,0,0,0,0,0,0,0,0,0,0,0
0.02,3,3,4,1,Quag Sickness,,,0,0,0,0,0,0,0,0,0,0,0,0,0,0,0,0,0,0
0.02,2,1,2,3,Quicken,,,0,0,0,0,0,0,0,0,0,0,0,0,0,0,1,0,0,1
0.03,2,2,1,2,Quickling,2,2,0,0,0,0,0,0,0,0,0,0,0,1,0,0,1,1,0,0
0.24,6,4,5,3,Quicksilver Amulet,,,0,0,0,0,0,0,0,0,0,0,0,0,0,0,0,0,0,0
0.01,5,2,1,3,Quirion Dryad,1,1,0,0,0,0,0,0,0,0,0,0,0,0,0,0,0,0,0,0
0.04,6,0,7,1,Radiant Fountain,,,0,0,0,0,0,0,0,0,0,0,0,0,0,0,0,0,0,0
0.01,4,1,1,1,Raging Goblin,1,1,0,0,0,0,0,0,0,0,0,1,0,0,0,0,0,0,0,0
0.02,1,1,2,2,Rain of Blades,,,0,0,0,0,0,0,0,0,0,0,0,0,0,0,0,0,0,0
0.03,1,2,2,1,Raise the Alarm,,,0,0,0,0,0,0,0,0,0,0,0,0,0,0,0,0,0,0
0.02,5,2,3,1,Rampant Growth,,,0,0,0,0,0,0,0,0,0,0,0,0,0,0,0,0,0,0
1.39,5,1,4,2,Rancor,,,0,0,1,0,0,0,0,0,0,0,0,0,0,0,0,0,0,0
0.01,5,1,2,1,Ranger's Guile,,,0,0,0,0,0,1,0,0,0,0,0,0,0,0,0,0,0,0
0.01,5,4,3,1,Ranger's Path,,,0,0,0,0,0,0,0,0,0,0,0,0,0,0,0,0,0,0
0.46,6,2,5,3,Ratchet Bomb,,,0,0,0,0,0,0,0,0,0,0,0,0,0,0,0,1,1,0
0.02,3,2,1,1,Ravenous Rats,1,1,0,0,0,0,0,0,0,0,0,0,0,0,0,0,0,0,0,0
0.02,1,4,1,1,Razorfoot Griffin,2,2,1,0,0,0,0,0,0,0,0,0,0,1,0,0,0,0,0,0
0.01,3,2,1,2,Reassembling Skeleton,1,1,0,0,0,0,0,0,0,0,0,0,0,0,0,0,0,0,0,0
0.02,4,3,1,1,Reckless Brute,3,1,0,0,0,0,0,0,0,0,0,1,0,0,0,0,0,0,0,0
0.01,5,1,2,1,Reclaim,,,0,0,0,0,0,0,0,0,0,0,0,0,0,0,0,0,0,0
0.06,5,3,1,2,Reclamation Sage,2,1,0,0,0,0,0,0,0,0,0,0,0,0,0,0,0,0,1,0
0.01,2,2,2,3,Redirect,,,0,0,0,0,0,0,0,0,0,0,0,0,0,0,0,0,0,0
0.02,4,3,1,1,Regathan Firecat,4,1,0,0,0,0,0,0,0,0,0,0,0,0,0,0,0,0,0,0
0.01,5,2,2,1,Regenerate,,,0,0,0,0,0,0,0,0,0,0,0,0,0,0,0,0,0,0
0.05,3,3,1,2,Relentless Rats,2,2,0,0,0,0,0,0,0,0,0,0,0,0,0,0,0,0,0,0
0.05,6,0,7,2,Reliquary Tower,,,0,0,0,0,0,0,0,0,0,0,0,0,0,0,0,0,0,0
0.01,2,2,1,1,Research Assistant,1,3,0,0,0,0,0,0,0,0,0,0,0,0,0,0,0,0,0,1
0.01,1,7,1,3,Resolute Archangel,4,4,0,0,0,0,0,0,0,0,0,0,0,1,0,0,0,0,0,0
0.01,5,5,3,2,Restock,,,0,0,0,0,0,0,0,0,0,0,0,0,0,0,0,0,0,0
1.07,1,2,3,3,Return to the Ranks,,,0,0,0,0,0,0,0,0,0,0,0,0,0,0,0,0,0,0
0.02,4,2,2,3,Reverberate,,,0,0,0,0,0,0,0,0,0,0,0,0,0,0,0,0,0,0
0.01,5,2,3,2,Revive,,,0,0,0,0,0,0,0,0,0,0,0,0,0,0,0,0,0,0
0.01,2,4,2,2,Rewind,,,0,0,0,0,0,0,0,0,0,0,0,0,0,0,0,0,0,0
0.01,1,4,1,3,Rhox Faithmender,1,5,0,0,0,1,0,0,0,0,0,0,0,0,0,0,0,0,0,0
0.01,1,4,1,2,Rhox Pikemaster,3,3,1,0,0,0,0,0,0,0,0,0,0,0,0,0,0,0,0,0
0.03,1,1,2,2,Righteousness,,,0,0,0,0,0,0,0,0,0,0,0,0,0,0,0,0,0,0
0.01,6,2,5,2,Ring of Evos Isle,,,0,0,0,0,0,1,0,0,0,0,0,0,0,0,0,0,0,0
0.01,6,2,5,2,Ring of Kalonia,,,0,0,1,0,0,0,0,0,0,0,0,0,0,0,0,0,0,0
0.14,6,5,5,4,Ring of Three Wishes,,,0,0,0,0,0,0,0,0,0,0,0,0,0,0,0,0,0,0
0.01,6,2,5,2,Ring of Thune,,,0,1,0,0,0,0,0,0,0,0,0,0,0,0,0,0,0,0
0.01,6,2,5,2,Ring of Valkas,,,0,0,0,0,0,0,0,0,0,1,0,0,0,0,0,0,0,0
0.01,6,2,5,2,Ring of Xathrid,,,0,0,0,0,0,0,0,0,0,0,0,0,0,0,0,0,0,0
0.01,3,5,3,2,Rise from the Grave,,,0,0,0,0,0,0,0,0,0,0,0,0,0,0,0,0,0,0
1.74,3,9,3,4,Rise of the Dark Realms,,,0,0,0,0,0,0,0,0,0,0,0,0,0,0,0,0,0,0
0.01,5,3,4,3,Rites of Flourishing,,,0,0,0,0,0,0,0,0,0,0,0,0,0,0,0,0,0,1
0.01,5,4,1,2,Roaring Primadox,4,4,0,0,0,0,0,0,0,0,0,0,0,0,0,0,0,0,0,0
0.02,1,3,1,2,Roc Egg,0,3,0,0,0,0,0,0,0,0,1,0,0,1,0,0,0,0,0,0
0.02,6,4,5,2,Rod of Ruin,,,0,0,0,0,0,0,0,0,0,0,0,0,0,0,0,0,0,0
0.01,6,2,5,2,Rogue's Gloves,,,0,0,0,0,0,0,0,0,0,0,0,0,0,0,0,0,0,1
0.84,0,0,7,3,Rootbound Crag,,,0,0,0,0,0,0,0,0,0,0,0,0,0,0,0,0,0,0
0.02,5,3,1,1,Rootwalla,2,2,0,0,0,0,0,0,0,0,0,0,0,0,0,0,0,0,0,0
0.01,3,5,1,1,Rotfeaster Maggot,3,5,0,0,0,0,0,0,0,0,0,1,0,0,0,0,0,0,0,0
0.02,3,5,1,1,Rotting Legion,4,5,0,0,0,0,0,0,0,0,0,0,0,0,0,0,0,0,0,0
0.01,3,3,1,3,Royal Assassin,1,1,0,0,0,0,0,0,0,0,0,0,0,0,0,0,0,0,1,0
0.01,5,4,1,1,Rumbling Baloth,4,4,0,0,0,0,0,0,0,0,0,0,0,0,0,0,0,0,0,0
0.01,4,3,1,1,Rummaging Goblin,1,1,0,0,0,0,0,0,0,0,0,0,0,0,0,0,0,0,0,1
0.02,5,2,1,1,Runeclaw Bear,2,2,0,0,0,0,0,0,0,0,0,0,0,0,0,0,0,0,0,0
0.05,3,7,1,3,Rune-Scarred Demon,6,6,0,0,0,0,0,0,0,0,0,0,0,1,0,0,0,0,0,0
0.01,6,4,5,2,Rusted Sentinel,3,4,0,0,0,0,0,0,0,0,0,0,0,0,0,0,0,0,0,0
0.01,6,2,5,2,Sacred Armory,,,0,0,0,0,0,0,0,0,0,0,0,0,0,0,0,0,0,0
0.01,5,3,1,1,Sacred Wolf,3,1,0,0,0,0,0,1,0,0,0,0,0,0,0,0,0,0,0,0
0.01,1,3,2,1,Safe Passage,,,0,0,0,0,0,0,0,0,0,0,0,0,0,0,0,0,0,0
0.01,2,2,1,1,Sage Owl,1,1,0,0,0,0,0,0,0,0,0,0,0,1,0,0,0,0,0,0
0.01,1,5,2,1,Sanctified Charge,,,1,0,0,0,0,0,0,0,0,0,0,0,0,0,0,0,0,0
0.01,6,3,5,3,Sands of Delirium,,,0,0,0,0,0,0,0,0,0,0,0,0,0,0,0,0,0,0
0.02,3,5,4,3,Sanguine Bond,,,0,0,0,0,0,0,0,0,0,0,0,0,0,0,0,0,0,0
0.04,5,2,1,1,Satyr Wayfinder,1,1,0,0,0,0,0,0,0,0,0,0,0,0,0,0,0,0,0,0
0.01,5,1,2,3,Savage Summoning,,,0,0,0,0,0,0,0,0,0,0,0,0,0,0,1,0,0,0
3.15,5,2,1,3,Scavenging Ooze,2,2,0,0,0,0,0,0,0,0,0,0,0,0,0,0,0,0,0,0
0.01,6,3,5,2,Scepter of Empires,,,0,0,0,0,0,0,0,0,0,0,0,0,0,0,0,0,0,0
0.36,4,5,1,4,Scourge of Valkas,4,4,0,0,0,0,0,0,0,0,0,0,0,1,0,0,0,0,0,0
0.01,4,8,3,3,Scrambleverse,,,0,0,0,0,0,0,0,0,0,0,0,0,0,0,0,0,0,0
0.01,4,4,1,1,Scrapyard Mongrel,3,3,0,0,1,0,0,0,0,0,0,0,0,0,0,0,0,0,0,0
0.01,2,3,1,1,Scroll Thief,1,3,0,0,0,0,0,0,0,0,0,0,0,0,0,0,0,0,0,1
0.01,6,6,5,3,Scuttling Doom Engine,6,6,0,0,0,0,0,0,0,0,0,0,0,0,0,0,0,0,0,0
0.01,2,2,1,1,Seacoast Drake,1,3,0,0,0,0,0,0,0,0,0,0,0,1,0,0,0,0,0,0
0.03,4,2,2,1,Searing Spear,,,0,0,0,0,0,0,0,0,0,0,0,0,0,0,0,0,0,0
0.01,4,2,3,1,Seismic Stomp,,,0,0,0,0,0,0,0,0,0,0,0,1,0,0,0,0,0,0
0.01,4,3,2,1,Seismic Strike,,,0,0,0,0,0,0,0,0,0,0,0,0,0,0,0,0,0,0
0.01,1,1,1,1,Selfless Cathar,1,1,0,0,0,0,0,0,0,0,0,0,0,0,0,0,0,1,0,0
0.01,3,5,1,2,Sengir Vampire,4,4,0,0,0,0,0,0,0,0,0,0,0,1,0,0,0,0,0,0
0.03,2,1,4,1,Sensory Deprivation,,,0,0,0,0,0,0,0,0,0,0,0,0,0,0,0,0,0,0
0.05,1,2,1,1,Sentinel Sliver,2,2,0,1,0,0,0,0,0,0,0,0,0,0,0,0,0,0,0,0
0.01,5,5,1,1,Sentinel Spider,4,4,0,1,0,0,0,0,0,0,0,0,0,0,1,0,0,0,0,0
0.01,1,7,1,2,Seraph of the Masses,,,0,0,0,0,0,0,0,0,0,0,0,1,0,0,0,0,0,0
0.01,1,4,1,3,Seraph of the Sword,3,3,0,0,0,0,0,0,0,0,0,0,0,1,0,0,0,0,0,0
0.02,2,5,1,1,Serpent of the Endless Sea,,,0,0,0,0,0,0,0,0,0,0,0,0,0,0,0,0,0,0
0.02,5,3,2,1,Serpent's Gift,,,0,0,0,0,0,0,1,0,0,0,0,0,0,0,0,0,0,0
0.02,1,5,1,2,Serra Angel,4,4,0,1,0,0,0,0,0,0,0,0,0,1,0,0,0,0,0,0
2.73,1,1,1,3,Serra Ascendant,1,1,0,0,0,1,0,0,0,0,0,0,0,1,0,0,0,0,0,0
0.06,1,7,1,4,Serra Avatar,,,0,0,0,0,0,0,0,0,0,0,0,0,0,0,0,0,0,0
0.01,1,2,1,3,Serra Avenger,3,3,0,1,0,0,0,0,0,0,0,0,0,1,0,0,0,0,0,0
0.01,3,3,1,1,Servant of Nefarox,3,1,0,0,0,0,0,0,0,0,0,0,0,0,0,0,0,0,0,0
0.04,3,1,1,1,Shadowborn Apostle,1,1,0,0,0,0,0,0,0,0,0,0,0,0,0,0,0,1,0,0
0.07,3,5,1,4,Shadowborn Demon,5,6,0,0,0,0,0,0,0,0,0,0,0,1,0,0,0,1,1,0
0.01,3,5,1,1,Shadowcloak Vampire,4,3,0,0,0,0,0,0,0,0,0,0,0,1,0,0,0,0,0,0
0.01,5,4,1,1,Shaman of Spring,2,2,0,0,0,0,0,0,0,0,0,0,0,0,0,0,0,0,0,1
0.01,4,2,2,1,Shatter,,,0,0,0,0,0,0,0,0,0,0,0,0,0,0,0,0,1,0
0.01,6,1,5,3,Shield of the Avatar,,,0,0,0,0,0,0,0,0,0,0,0,0,0,0,0,0,0,0
0.01,3,4,1,3,Shimian Specter,2,2,0,0,0,0,0,0,0,0,0,0,0,1,0,0,0,0,0,0
0.01,6,0,7,2,Shimmering Grotto,,,0,0,0,0,0,0,0,0,0,0,0,0,0,0,0,0,0,0
0.01,4,6,1,3,Shivan Dragon,5,5,0,0,0,0,0,0,0,0,0,0,0,1,0,0,0,0,0,0
1.42,0,0,7,3,Shivan Reef,,,0,0,0,0,0,0,0,0,0,0,0,0,0,0,0,0,0,0
0.01,4,4,4,2,Shiv's Embrace,,,0,0,0,0,0,0,0,0,0,0,0,1,0,0,0,0,0,0
0.03,4,1,2,1,Shock,,,0,0,0,0,0,0,0,0,0,0,0,0,0,0,0,0,0,0
0.02,1,2,2,1,Show of Valor,,,0,0,0,0,0,0,0,0,0,0,0,0,0,0,0,0,0,0
0.02,4,2,2,2,Shrapnel Blast,,,0,0,0,0,0,0,0,0,0,0,0,0,0,0,0,1,0,0
0.04,3,2,3,1,Shrivel,,,0,0,0,0,0,0,0,0,0,0,0,0,0,0,0,0,0,0
0.01,4,7,1,3,Siege Dragon,5,5,0,0,0,0,0,0,0,0,0,0,0,1,0,0,0,0,1,0
0.01,1,5,1,1,Siege Mastodon,3,5,0,0,0,0,0,0,0,0,0,0,0,0,0,0,0,0,0,0
0.02,5,7,1,1,Siege Wurm,5,5,0,0,1,0,0,0,0,0,0,0,0,0,0,0,0,0,0,0
0.02,4,5,1,3,Siege-Gang Commander,2,2,0,0,0,0,0,0,0,0,0,0,0,0,0,0,0,1,0,0
0.04,3,2,3,1,Sign in Blood,,,0,0,0,0,0,0,0,0,0,0,0,0,0,0,0,0,0,1
0.02,1,1,2,3,Silence,,,0,0,0,0,0,0,0,0,0,0,0,0,0,0,0,0,0,0
0.01,5,5,1,3,Silklash Spider,2,7,0,0,0,0,0,0,0,0,0,0,0,1,1,0,1,0,0,0
0.01,1,2,1,1,Silvercoat Lion,2,2,0,0,0,0,0,0,0,0,0,0,0,0,0,0,0,0,0,0
0.02,5,2,1,3,Skinshifter,1,1,0,0,1,0,0,0,0,0,0,0,0,1,0,0,0,0,0,0
0.01,2,3,1,1,Skywinder Drake,3,1,0,0,0,0,0,0,0,0,0,0,0,1,0,0,0,0,0,0
0.04,4,3,2,1,Slaughter Cry,,,1,0,0,0,0,0,0,0,0,0,0,0,0,0,0,0,0,0
0.01,2,4,3,2,Sleep,,,0,0,0,0,0,0,0,0,0,0,0,0,0,0,0,0,0,0
0.01,6,3,5,1,Sliver Construct,2,2,0,0,0,0,0,0,0,0,0,0,0,0,0,0,0,0,0,0
0.61,6,0,7,3,Sliver Hive,,,0,0,0,0,0,0,0,0,0,0,0,0,0,0,0,0,0,0
0.44,0,5,1,4,Sliver Hivelord,5,5,0,0,0,0,0,0,0,0,0,0,1,0,0,0,0,0,0,0
0.01,4,1,1,3,Slumbering Dragon,3,3,0,0,0,0,0,0,0,0,0,0,0,1,0,0,0,0,0,0
0.04,3,2,3,2,Smallpox,,,0,0,0,0,0,0,0,0,0,0,0,0,0,0,0,1,0,0
0.01,4,1,2,1,Smelt,,,0,0,0,0,0,0,0,0,0,0,0,0,0,0,0,0,1,0
0.02,2,4,1,1,Snapping Drake,3,2,0,0,0,0,0,0,0,0,0,0,0,1,0,0,0,0,0,0
0.02,1,3,3,1,Solemn Offering,,,0,0,0,0,0,0,0,0,0,0,0,0,0,0,0,0,1,0
1.05,6,4,5,3,Solemn Simulacrum,2,2,0,0,0,0,0,0,0,0,0,0,0,0,0,0,0,0,0,1
0.01,6,4,5,2,Sorcerer's Strongbox,,,0,0,0,0,0,0,0,0,0,0,0,0,0,0,0,1,0,1
0.3,3,6,6,4,Sorin Markov,,,0,0,0,0,0,0,0,0,0,0,0,0,0,0,0,0,0,0
0.01,3,2,2,1,Sorin's Thirst,,,0,0,0,0,0,0,0,0,0,0,0,0,0,0,0,0,0,0
0.01,3,7,3,3,Sorin's Vengeance,,,0,0,0,0,0,0,0,0,0,0,0,0,0,0,0,0,0,0
0.01,3,3,4,1,Soul Bleed,,,0,0,0,0,0,0,0,0,0,0,0,0,0,0,0,0,0,0
0.04,3,6,1,4,Soul of Innistrad,6,6,0,0,0,0,0,0,1,0,0,0,0,0,0,0,0,0,0,0
0.42,6,6,5,4,Soul of New Phyrexia,6,6,0,0,1,0,0,0,0,0,0,0,1,0,0,0,0,0,0,0
0.04,2,6,1,4,Soul of Ravnica,6,6,0,0,0,0,0,0,0,0,0,0,0,1,0,0,0,0,0,1
0.02,4,6,1,4,Soul of Shandalar,6,6,1,0,0,0,0,0,0,0,0,0,0,0,0,0,0,0,0,0
0.04,1,6,1,4,Soul of Theros,6,6,1,1,0,1,0,0,0,0,0,0,0,0,0,0,0,0,0,0
0.07,5,6,1,4,Soul of Zendikar,6,6,0,0,0,0,0,0,0,0,0,0,0,0,1,0,0,0,0,0
0.04,1,1,1,1,Soul Warden,1,1,0,0,0,0,0,0,0,0,0,0,0,0,0,0,0,0,0,0
0.01,1,1,1,1,Soulmender,1,1,0,0,0,0,0,0,0,0,0,0,0,0,0,0,0,0,0,0
0.01,4,2,1,1,Sparkmage Apprentice,1,1,0,0,0,0,0,0,0,0,0,0,0,0,0,0,0,0,0,0
0.01,1,5,4,3,Spectra Ward,,,0,0,0,0,0,0,0,0,0,0,0,0,0,0,0,0,0,0
0.02,2,1,2,2,Spell Blast,,,0,0,0,0,0,0,0,0,0,0,0,0,0,0,0,0,0,0
0.01,6,0,5,2,Spellbook,,,0,0,0,0,0,0,0,0,0,0,0,0,0,0,0,0,0,0
0.02,2,6,3,3,Spelltwine,,,0,0,0,0,0,0,0,0,0,0,0,0,0,0,0,0,0,0
0.56,2,7,1,4,Sphinx Ambassador,5,5,0,0,0,0,0,0,0,0,0,0,0,1,0,0,0,0,0,0
0.01,2,7,1,3,Sphinx of Uthuun,5,6,0,0,0,0,0,0,0,0,0,0,0,1,0,0,0,0,0,0
0.02,5,4,1,1,Spiked Baloth,4,2,0,0,1,0,0,0,0,0,0,0,0,0,0,0,0,0,0,0
0.01,5,5,1,1,Spined Wurm,5,4,0,0,0,0,0,0,0,0,0,0,0,0,0,0,0,0,0,0
0.03,1,2,4,3,Spirit Bonds,,,0,0,0,0,0,0,0,0,0,0,1,1,0,0,0,1,0,0
0.04,1,2,4,2,Spirit Mantle,,,0,0,0,0,0,0,0,0,0,0,0,0,0,0,0,0,0,0
0.01,5,5,1,1,Sporemound,3,3,0,0,0,0,0,0,0,0,0,0,0,0,0,0,0,0,0,0
0.04,1,2,1,1,Squadron Hawk,1,1,0,0,0,0,0,0,0,0,0,0,0,1,0,0,0,0,0,0
0.01,3,3,4,2,Stab Wound,,,0,0,0,0,0,0,0,0,0,0,0,0,0,0,0,0,0,0
0.01,3,1,2,1,Stabbing Pain,,,0,0,0,0,0,0,0,0,0,0,0,0,0,0,0,0,0,0
0.14,6,6,5,3,Staff of Nin,,,0,0,0,0,0,0,0,0,0,0,0,0,0,0,0,0,0,1
0.01,6,3,5,2,Staff of the Death Magus,,,0,0,0,0,0,0,0,0,0,0,0,0,0,0,0,0,0,0
0.01,6,3,5,2,Staff of the Flame Magus,,,0,0,0,0,0,0,0,0,0,0,0,0,0,0,0,0,0,0
0.01,6,3,5,2,Staff of the Mind Magus,,,0,0,0,0,0,0,0,0,0,0,0,0,0,0,0,0,0,0
0.02,6,3,5,2,Staff of the Sun Magus,,,0,0,0,0,0,0,0,0,0,0,0,0,0,0,0,0,0,0
0.01,6,3,5,2,Staff of the Wild Magus,,,0,0,0,0,0,0,0,0,0,0,0,0,0,0,0,0,0,0
0.01,3,5,3,3,Stain the Mind,,,0,0,0,0,0,0,0,0,0,0,0,0,0,0,0,0,0,0
0.01,5,5,1,1,Stampeding Rhino,4,4,0,0,1,0,0,0,0,0,0,0,0,0,0,0,0,0,0,0
0.01,2,4,2,1,Statute of Denial,,,0,0,0,0,0,0,0,0,0,0,0,0,0,0,0,0,0,1
0.01,1,1,2,1,Stave Off,,,0,0,0,0,0,0,0,0,0,0,0,0,0,0,0,0,0,0
1.73,6,2,5,3,Steel Overseer,1,1,0,0,0,0,0,0,0,0,0,0,0,0,0,0,0,0,0,0
0.01,1,3,1,2,Steelform Sliver,2,2,0,0,0,0,0,0,0,0,0,0,0,0,0,0,0,0,0,0
0.01,5,5,1,2,Stingerfling Spider,2,5,0,0,0,0,0,0,0,0,0,0,0,1,1,0,0,0,1,0
0.03,4,4,2,2,Stoke the Flames,,,0,0,0,0,0,0,0,0,0,0,0,0,0,0,0,0,0,0
0.01,4,4,1,2,Stone Giant,3,4,0,0,0,0,0,0,0,0,0,0,0,1,0,0,0,0,1,0
0.01,6,5,5,2,Stone Golem,4,4,0,0,0,0,0,0,0,0,0,0,0,0,0,0,0,0,0,0
0.02,1,6,1,2,Stonehorn Chanter,4,4,0,1,0,1,0,0,0,0,0,0,0,0,0,0,0,0,0,0
0.03,1,4,1,1,Stonehorn Dignitary,1,4,0,0,0,0,0,0,0,0,0,0,0,0,0,0,0,0,0,0
0.02,4,2,1,2,Stormblood Berserker,1,1,0,0,0,0,0,0,0,1,0,0,0,0,0,0,0,0,0,0
0.01,1,2,1,1,Stormfront Pegasus,2,1,0,0,0,0,0,0,0,0,0,0,0,1,0,0,0,0,0,0
0.02,2,8,1,3,Stormtide Leviathan,8,8,0,0,0,0,0,0,0,0,0,0,0,1,0,0,0,0,0,0
0.04,4,1,1,1,Striking Sliver,1,1,1,0,0,0,0,0,0,0,0,0,0,0,0,0,0,0,0,0
0.02,6,2,5,3,Strionic Resonator,,,0,0,0,0,0,0,0,0,0,0,0,0,0,0,0,0,0,0
0.02,6,5,5,3,Stuffy Doll,0,1,0,0,0,0,0,0,0,0,0,0,1,0,0,0,0,0,0,0
0.16,1,4,1,4,Sublime Archangel,4,3,0,0,0,0,0,0,0,0,0,0,0,1,0,0,0,0,0,0
3.54,1,6,1,4,Sun Titan,6,6,0,1,0,0,0,0,0,0,0,0,0,0,0,0,0,0,0,0
0.01,0,1,1,2,Sunblade Elf,1,1,0,0,0,0,0,0,0,0,0,0,0,0,0,0,0,0,0,0
0.01,6,2,5,3,Sundial of the Infinite,,,0,0,0,0,0,0,0,0,0,0,0,0,0,0,0,0,0,0
0.01,1,2,1,1,Sungrace Pegasus,1,2,0,0,0,1,0,0,0,0,0,0,0,1,0,0,0,0,0,0
0.68,0,0,7,3,Sunpetal Grove,,,0,0,0,0,0,0,0,0,0,0,0,0,0,0,0,0,0,0
0.02,1,1,1,1,Suntail Hawk,1,1,0,0,0,0,0,0,0,0,0,0,0,1,0,0,0,0,0,0
0.01,3,7,1,3,Sutured Ghoul,,,0,0,1,0,0,0,0,0,0,0,0,0,0,0,0,0,0,0
0.04,6,2,5,2,Swiftfoot Boots,,,0,0,0,0,0,1,0,0,0,1,0,0,0,0,0,0,0,0
0.01,2,5,3,2,Switcheroo,,,0,0,0,0,0,0,0,0,0,0,0,0,0,0,0,0,0,0
0.02,6,3,5,3,Sword of Vengeance,,,1,1,1,0,0,0,0,0,0,1,0,0,0,0,0,0,0,0
0.01,5,2,1,1,Sylvan Ranger,1,1,0,0,0,0,0,0,0,0,0,0,0,0,0,0,0,0,0,0
0.08,3,3,1,3,Syphon Sliver,2,2,0,0,0,1,0,0,0,0,0,0,0,0,0,0,0,0,0,0
0.12,2,4,1,3,"Talrand, Sky Summoner",2,2,0,0,0,0,0,0,0,0,0,0,0,1,0,0,0,0,0,0
0.01,2,4,3,2,Talrand's Invocation,,,0,0,0,0,0,0,0,0,0,0,0,1,0,0,0,0,0,0
0.01,3,1,3,1,Taste of Blood,,,0,0,0,0,0,0,0,0,0,1,0,0,0,0,0,0,0,0
0.01,4,4,3,2,Tectonic Rift,,,0,0,0,0,0,0,0,0,0,0,0,1,0,0,0,0,1,0
0.01,2,1,4,2,Telepathy,,,0,0,0,0,0,0,0,0,0,0,0,0,0,0,0,0,0,0
0.01,1,3,2,2,Tempest of Light,,,0,0,0,0,0,0,0,0,0,0,0,0,0,0,0,0,1,0
0.16,6,3,5,3,Temple Bell,,,0,0,0,0,0,0,0,0,0,0,0,0,0,0,0,0,0,1
0.01,3,1,1,2,Tenacious Dead,1,1,0,0,0,0,0,0,0,0,0,0,0,0,0,0,0,0,0,0
0.04,3,4,2,1,Tendrils of Corruption,,,0,0,0,0,0,0,0,0,0,0,0,0,0,0,0,0,0,0
0.01,5,6,1,3,Terra Stomper,8,8,0,0,1,0,0,0,0,0,0,0,0,0,0,0,0,0,0,0
0.05,6,0,7,1,Terramorphic Expanse,,,0,0,0,0,0,0,0,0,0,0,0,0,0,0,0,1,0,0
0.74,6,4,5,4,The Chain Veil,,,0,0,0,0,0,0,0,0,0,0,0,0,0,0,0,0,0,0
0.01,4,5,1,3,Thorncaster Sliver,2,2,0,0,0,0,0,0,0,0,0,0,0,0,0,0,0,0,0,0
1.74,5,5,1,3,Thragtusk,5,3,0,0,0,0,0,0,0,0,0,0,0,0,0,0,0,0,0,0
0.04,6,5,5,2,Thran Golem,3,3,1,0,1,0,0,0,0,0,0,0,0,1,0,0,0,0,0,0
0.01,6,4,5,3,Throne of Empires,,,0,0,0,0,0,0,0,0,0,0,0,0,0,0,0,0,0,0
0.01,4,2,2,1,Thunder Strike,,,1,0,0,0,0,0,0,0,0,0,0,0,0,0,0,0,0,0
0.01,4,5,1,1,Thundering Giant,4,3,0,0,0,0,0,0,0,0,0,1,0,0,0,0,0,0,0,0
0.48,4,5,1,4,Thundermaw Hellkite,5,5,0,0,0,0,0,0,0,0,0,1,0,1,0,0,0,0,0,0
0.02,2,2,1,3,Tidebinder Mage,2,2,0,0,0,0,0,0,0,0,0,0,0,0,0,0,0,0,0,0
0.01,5,2,1,1,Timberpack Wolf,2,2,0,0,0,0,0,0,0,0,0,0,0,0,0,0,0,0,0,0
0.02,2,3,3,1,Time Ebb,,,0,0,0,0,0,0,0,0,0,0,0,0,0,0,0,0,0,0
0.16,2,5,3,4,Time Reversal,,,0,0,0,0,0,0,0,0,0,0,0,0,0,0,0,0,0,1
5.97,2,5,3,4,Time Warp,,,0,0,0,0,0,0,0,0,0,0,0,0,0,0,0,0,0,0
0.04,1,3,3,2,Timely Reinforcements,,,0,0,0,0,0,0,0,0,0,0,0,0,0,0,0,0,0,0
0.02,1,5,1,1,Tireless Missionaries,2,3,0,0,0,0,0,0,0,0,0,0,0,0,0,0,0,0,0,0
0.01,5,2,2,1,Titanic Growth,,,0,0,0,0,0,0,0,0,0,0,0,0,0,0,0,0,0,0
0.02,2,1,3,1,Tome Scour,,,0,0,0,0,0,0,0,0,0,0,0,0,0,0,0,0,0,0
0.02,4,2,1,2,Torch Fiend,2,1,0,0,0,0,0,0,0,0,0,0,0,0,0,0,0,1,1,0
0.01,3,1,1,1,Tormented Soul,1,1,0,0,0,0,0,0,0,0,0,0,0,0,0,0,0,0,0,0
0.09,6,0,5,2,Tormod's Crypt,,,0,0,0,0,0,0,0,0,0,0,0,0,0,0,0,1,0,0
0.01,1,7,4,3,Touch of the Eternal,,,0,0,0,0,0,0,0,0,0,0,0,0,0,0,0,0,0,0
0.01,6,4,5,3,Trading Post,,,0,0,0,0,0,0,0,0,0,0,0,0,0,0,0,1,0,1
0.02,2,3,1,1,Trained Condor,2,1,0,0,0,0,0,0,0,0,0,0,0,1,0,0,0,0,0,0
0.01,2,5,3,3,Traumatize,,,0,0,0,0,0,0,0,0,0,0,0,0,0,0,0,0,0,0
0.01,2,4,4,1,Tricks of the Trade,,,0,0,0,0,0,0,0,0,0,0,0,0,0,0,0,0,0,0
0.03,1,6,3,1,Triplicate Spirits,,,0,0,0,0,0,0,0,0,0,0,0,1,0,0,0,0,0,0
0.02,6,6,5,3,Triskelion,1,1,0,0,0,0,0,0,0,0,0,0,0,0,0,0,0,0,0,0
0.02,5,3,4,1,Trollhide,,,0,0,0,0,0,0,0,0,0,0,0,0,0,0,0,0,0,0
0.02,4,3,2,1,Trumpet Blast,,,0,0,0,0,0,0,0,0,0,0,0,0,0,0,0,0,0,0
0.01,2,2,2,2,Turn to Frog,,,0,0,0,0,0,0,0,0,0,0,0,0,0,0,0,0,0,0
0.02,4,5,3,1,Turn to Slag,,,0,0,0,0,0,0,0,0,0,0,0,0,0,0,0,0,1,0
0.02,2,2,2,3,Twincast,,,0,0,0,0,0,0,0,0,0,0,0,0,0,0,0,0,0,0
0.01,3,1,1,1,Typhoid Rats,1,1,0,0,0,0,0,0,1,0,0,0,0,0,0,0,0,0,0,0
0.01,6,2,5,1,Tyrant's Machine,,,0,0,0,0,0,0,0,0,0,0,0,0,0,0,0,0,0,0
0.01,3,1,2,2,Ulcerate,,,0,0,0,0,0,0,0,0,0,0,0,0,0,0,0,0,0,0
0.01,3,3,1,1,Undead Minotaur,2,3,0,0,0,0,0,0,0,0,0,0,0,0,0,0,0,0,0,0
0.01,1,3,1,2,Undead Slayer,2,2,0,0,0,0,0,0,0,0,0,0,0,0,0,0,0,0,0,0
0.01,5,4,1,1,Undergrowth Scavenger,0,0,0,0,0,0,0,0,0,0,0,0,0,0,0,0,0,0,0,0
0.03,3,3,4,3,Underworld Dreams,,,0,0,0,0,0,0,0,0,0,0,0,0,0,0,0,0,0,1
0.04,3,1,4,1,Unholy Strength,,,0,0,0,0,0,0,0,0,0,0,0,0,0,0,0,0,0,0
0.01,3,5,2,1,Unmake the Graves,,,0,0,0,0,0,0,0,0,0,0,0,0,0,0,0,0,0,0
0.03,2,1,2,1,Unsummon,,,0,0,0,0,0,0,0,0,0,0,0,0,0,0,0,0,0,0
2.67,6,0,7,3,"Urborg, Tomb of Yawgmoth",,,0,0,0,0,0,0,0,0,0,0,0,0,0,0,0,0,0,0
0.01,3,3,1,1,Vampire Aristocrat,2,2,0,0,0,0,0,0,0,0,0,0,0,0,0,0,0,1,0,0
0.02,3,3,1,2,Vampire Nighthawk,2,3,0,0,0,1,0,0,1,0,0,0,0,1,0,0,0,0,0,0
1.39,3,4,1,4,Vampire Nocturnus,3,3,0,0,0,0,0,0,0,0,0,0,0,1,0,0,0,0,0,0
0.01,3,4,1,2,Vampire Outcasts,2,2,0,0,0,1,0,0,0,0,0,0,0,0,0,0,0,0,0,0
0.01,3,5,1,2,Vampire Warlord,4,2,0,0,0,0,0,0,0,0,0,0,0,0,0,0,0,1,0,0
0.02,5,6,1,1,Vastwood Gorger,5,6,0,0,0,0,0,0,0,0,0,0,0,0,0,0,0,0,0,0
0.01,5,2,1,3,Vastwood Hydra,0,0,0,0,0,0,0,0,0,0,0,0,0,0,0,0,0,0,0,0
0.01,2,4,1,1,Vedalken Entrancer,1,4,0,0,0,0,0,0,0,0,0,0,0,0,0,0,0,0,0,0
0.01,3,5,1,2,Veilborn Ghoul,4,1,0,0,0,0,0,0,0,0,0,0,0,0,0,0,0,0,0,0
0.01,1,7,1,3,Vengeful Archon,7,7,0,0,0,0,0,0,0,0,0,0,0,1,0,0,0,0,0,0
0.13,3,5,1,3,Vengeful Pharaoh,5,4,0,0,0,0,0,0,1,0,0,0,0,0,0,0,0,0,1,0
0.01,5,2,1,2,Venom Sliver,1,1,0,0,0,0,0,0,1,0,0,0,0,0,0,0,0,0,0,0
0.01,5,3,4,1,Verdant Haven,,,0,0,0,0,0,0,0,0,0,0,0,0,0,0,0,0,0,0
0.01,1,2,1,1,Veteran Armorsmith,2,3,0,0,0,0,0,0,0,0,0,0,0,0,0,0,0,0,0,0
0.01,1,3,1,1,Veteran Swordsmith,3,2,0,0,0,0,0,0,0,0,0,0,0,0,0,0,0,0,0,0
0.01,6,1,5,2,Vial of Poison,,,0,0,0,0,0,0,1,0,0,0,0,0,0,0,0,1,0,0
0.01,4,3,1,1,Viashino Spearhunter,2,1,1,0,0,0,0,0,0,0,0,0,0,0,0,0,0,0,0,0
0.01,3,1,2,1,Vile Rebirth,,,0,0,0,0,0,0,0,0,0,0,0,0,0,0,0,0,0,0
0.01,5,1,4,1,Vineweft,,,0,0,0,0,0,0,0,0,0,0,0,0,0,0,0,0,0,0
0.04,3,1,1,1,Viscera Seer,1,1,0,0,0,0,0,0,0,0,0,0,0,0,0,0,0,1,0,0
0.72,2,1,2,3,Visions of Beyond,,,0,0,0,0,0,0,0,0,0,0,0,0,0,0,0,0,0,1
0.01,2,1,3,1,Void Snare,,,0,0,0,0,0,0,0,0,0,0,0,0,0,0,0,0,0,0
0.01,2,2,1,3,Void Stalker,2,1,0,0,0,0,0,0,0,0,0,0,0,0,0,0,0,0,0,0
0.01,4,6,1,2,Volcanic Dragon,4,4,0,0,0,0,0,0,0,0,0,1,0,1,0,0,0,0,0,0
0.03,4,2,2,2,Volcanic Geyser,,,0,0,0,0,0,0,0,0,0,0,0,0,0,0,0,0,0,0
0.02,4,2,4,1,Volcanic Strength,,,0,0,0,0,0,0,0,0,0,0,0,0,0,0,0,0,0,0
0.03,6,1,5,2,Voltaic Key,,,0,0,0,0,0,0,0,0,0,0,0,0,0,0,0,0,0,0
0.01,5,2,1,2,Voracious Wurm,2,2,0,0,0,0,0,0,0,0,0,0,0,0,0,0,0,0,0,0
0.02,4,4,1,1,Vulshok Berserker,3,2,0,0,0,0,0,0,0,0,0,1,0,0,0,0,0,0,0,0
0.03,3,2,1,1,Walking Corpse,2,2,0,0,0,0,0,0,0,0,0,0,0,0,0,0,0,0,0,0
0.02,3,3,1,2,Wall of Bone,1,4,0,0,0,0,0,0,0,0,1,0,0,0,0,0,0,0,0,0
0.01,1,2,1,2,Wall of Essence,0,4,0,0,0,0,0,0,0,0,1,0,0,0,0,0,0,0,0,0
0.02,1,4,1,1,Wall of Faith,0,5,0,0,0,0,0,0,0,0,1,0,0,0,0,0,0,0,0,0
0.04,4,3,1,2,Wall of Fire,0,5,0,0,0,0,0,0,0,0,1,0,0,0,0,0,0,0,0,0
0.01,2,3,1,2,Wall of Frost,0,7,0,0,0,0,0,0,0,0,1,0,0,0,0,0,0,0,0,0
0.01,3,3,1,2,Wall of Limbs,0,3,0,0,0,0,0,0,0,0,1,0,0,0,0,0,0,1,0,0
0.01,5,2,1,2,Wall of Mulch,0,4,0,0,0,0,0,0,0,0,1,0,0,0,0,0,0,1,0,1
0.02,1,4,1,2,Wall of Swords,3,5,0,0,0,0,0,0,0,0,1,0,0,1,0,0,0,0,0,0
0.01,4,2,1,1,Wall of Torches,4,1,0,0,0,0,0,0,0,0,1,0,0,0,0,0,0,0,0,0
0.01,5,1,1,1,Wall of Vines,0,3,0,0,0,0,0,0,0,0,1,0,0,0,1,0,0,0,0,0
0.01,1,1,1,1,War Falcon,2,1,0,0,0,0,0,0,0,0,0,0,0,1,0,0,0,0,0,0
0.01,1,2,1,2,War Priest of Thune,2,2,0,0,0,0,0,0,0,0,0,0,0,0,0,0,0,0,1,0
0.01,1,1,1,1,Warclamp Mastiff,1,1,1,0,0,0,0,0,0,0,0,0,0,0,0,0,0,0,0,0
0.01,2,3,1,2,Warden of Evos Isle,2,2,0,0,0,0,0,0,0,0,0,0,0,1,0,0,0,0,0,0
0.01,1,3,1,2,Warden of the Beyond,2,2,0,1,0,0,0,0,0,0,0,0,0,0,0,0,0,0,0,0
0.01,6,3,5,2,Warlord's Axe,,,0,0,0,0,0,0,0,0,0,0,0,0,0,0,0,0,0,0
0.01,4,8,3,3,Warp World,,,0,0,0,0,0,0,0,0,0,0,0,0,0,0,0,0,0,0
0.01,3,3,1,1,Warpath Ghoul,3,2,0,0,0,0,0,0,0,0,0,0,0,0,0,0,0,0,0,0
0.02,4,6,4,3,Warstorm Surge,,,0,0,0,0,0,0,0,0,0,0,0,0,0,0,0,0,0,0
0.95,3,2,4,3,Waste Not,,,0,0,0,0,0,0,0,0,0,0,0,0,0,0,0,0,0,1
0.01,2,4,1,2,Water Servant,3,4,0,0,0,0,0,0,0,0,0,0,0,0,0,0,0,0,0,0
0.01,2,3,1,1,Watercourser,2,3,0,0,0,0,0,0,0,0,0,0,0,0,0,0,0,0,0,0
0.01,3,1,4,1,Weakness,,,0,0,0,0,0,0,0,0,0,0,0,0,0,0,0,0,0,0
0.02,2,2,1,1,Welkin Tern,2,1,0,0,0,0,0,0,0,0,0,0,0,1,0,0,0,0,0,0
0.01,6,3,5,2,Whispersilk Cloak,,,0,0,0,0,0,0,0,0,0,0,0,0,0,0,0,0,0,0
0.02,1,2,1,2,White Knight,2,2,1,0,0,0,0,0,0,0,0,0,0,0,0,0,0,0,0,0
0.01,4,6,4,3,Wild Evocation,,,0,0,0,0,0,0,0,0,0,0,0,0,0,0,0,0,0,0
0.01,1,3,1,1,Wild Griffin,2,2,0,0,0,0,0,0,0,0,0,0,0,1,0,0,0,0,0,0
0.01,4,2,3,1,Wild Guess,,,0,0,0,0,0,0,0,0,0,0,0,0,0,0,0,0,0,1
0.01,4,4,2,3,Wild Ricochet,,,0,0,0,0,0,0,0,0,0,0,0,0,0,0,0,0,0,0
0.01,6,6,5,1,Will-Forged Golem,4,4,0,0,0,0,0,0,0,0,0,0,0,0,0,0,0,0,0,0
0.04,2,3,1,1,Wind Drake,2,2,0,0,0,0,0,0,0,0,0,0,0,1,0,0,0,0,0,0
0.07,2,7,1,4,Windreader Sphinx,3,7,0,0,0,0,0,0,0,0,0,0,0,1,0,0,0,0,0,1
0.01,5,1,2,2,Windstorm,,,0,0,0,0,0,0,0,0,0,0,0,1,0,0,0,0,0,0
0.01,3,3,1,1,Witch's Familiar,2,3,0,0,0,0,0,0,0,0,0,0,0,0,0,0,0,0,0,0
0.02,5,3,1,3,Witchstalker,3,3,0,0,0,0,0,1,0,0,0,0,0,0,0,0,0,0,0,0
0.02,3,7,3,3,Wit's End,,,0,0,0,0,0,0,0,0,0,0,0,0,0,0,0,0,0,0
0.01,5,5,1,2,Woodborn Behemoth,4,4,0,0,1,0,0,0,0,0,0,0,0,0,0,0,0,0,0,0
0.1,4,9,3,4,Worldfire,,,0,0,0,0,0,0,0,0,0,0,0,0,0,0,0,0,0,0
0.01,6,5,5,3,Worldslayer,,,0,0,0,0,0,0,0,0,0,0,0,0,0,0,0,0,1,0
0.01,3,1,2,1,Wring Flesh,,,0,0,0,0,0,0,0,0,0,0,0,0,0,0,0,0,0,0
0.02,6,2,5,2,Wurm's Tooth,,,0,0,0,0,0,0,0,0,0,0,0,0,0,0,0,0,0,0
0.04,3,6,1,4,Xathrid Demon,7,7,0,0,1,0,0,0,0,0,0,0,0,1,0,0,0,1,0,0
0.01,3,6,1,3,Xathrid Gorgon,3,6,0,0,0,0,0,0,1,0,1,0,0,0,0,0,0,0,0,0
0.39,3,3,1,3,Xathrid Necromancer,2,2,0,0,0,0,0,0,0,0,0,0,0,0,0,0,0,0,0,0
0.01,3,3,1,2,Xathrid Slyblade,2,1,1,0,0,0,0,1,1,0,0,0,0,0,0,0,0,0,0,0
0.12,0,0,7,3,Yavimaya Coast,,,0,0,0,0,0,0,0,0,0,0,0,0,0,0,0,0,0,0
0.01,5,6,1,1,Yavimaya Wurm,6,4,0,0,1,0,0,0,0,0,0,0,0,0,0,0,0,0,0,0
0.01,4,5,3,1,Yawning Fissure,,,0,0,0,0,0,0,0,0,0,0,0,0,0,0,0,1,0,0
0.01,5,4,1,3,"Yeva, Nature's Herald",4,4,0,0,0,0,0,0,0,0,0,0,0,0,0,0,1,0,0,0
0.01,5,3,1,1,Yeva's Forcemage,2,2,0,0,0,0,0,0,0,0,0,0,0,0,0,0,0,0,0,0
0.02,5,3,1,3,"Yisan, the Wanderer Bard",2,3,0,0,0,0,0,0,0,0,0,0,0,0,0,0,0,0,0,0
0.06,4,2,1,2,Young Pyromancer,2,1,0,0,0,0,0,0,0,0,0,0,0,0,0,0,0,0,0,0
0.01,2,2,4,1,Zephyr Charge,,,0,0,0,0,0,0,0,0,0,0,0,1,0,0,0,0,0,0
0.03,2,1,1,1,Zephyr Sprite,1,1,0,0,0,0,0,0,0,0,0,0,0,1,0,0,0,0,0,0
0.01,3,4,1,1,Zof Shade,2,2,0,0,0,0,0,0,0,0,0,0,0,0,0,0,0,0,0,0
0.04,3,5,1,1,Zombie Goliath,4,3,0,0,0,0,0,0,0,0,0,0,0,0,0,0,0,0,0,0
0.04,3,2,4,2,Zombie Infestation,,,0,0,0,0,0,0,0,0,0,0,0,0,0,0,0,0,0,0
